,Designation,Education,Self_Employed,CreditScore,Geography,Property_Area,Married,Gender,Age,Tenure,Balance,HasCar,NumOfProducts,HasCrCard,IsActiveMember,Dependents,ApplicantIncome,CoapplicantIncome,LoanAmount,EstimatedSalary,Exited,Loan_Status
0,Manager,Graduate,No,619,France,Urban,Single,Female,42,2,0.0,1,1,1,1,0,5849,0.0,146.41216216216216,101348.88,1,Y
1,Senior Manager,Graduate,No,608,Spain,Rural,Divorced,Female,41,1,83807.86,0,1,0,1,1,4583,1508.0,128.0,112542.58,0,N
2,Manager,Graduate,Yes,502,France,Urban,Divorced,Female,42,8,159660.8,1,3,1,0,0,3000,0.0,66.0,113931.57,1,Y
3,Senior Manager,Not Graduate,No,699,France,Urban,Divorced,Female,39,1,0.0,0,2,0,0,0,2583,2358.0,120.0,93826.63,0,Y
4,Manager,Graduate,No,850,Spain,Urban,Single,Female,43,2,125510.82,1,1,1,1,0,6000,0.0,141.0,79084.1,0,Y
6,Executive,Not Graduate,No,822,France,Urban,Married,Male,50,7,0.0,1,2,1,1,0,2333,1516.0,95.0,10062.8,0,Y
7,Senior Manager,Graduate,No,376,Germany,Semiurban,Divorced,Female,29,4,115046.74,1,4,1,0,3,3036,2504.0,158.0,119346.88,1,N
8,Manager,Graduate,No,501,France,Urban,Divorced,Male,44,4,142051.07,0,2,0,1,2,4006,1526.0,168.0,74940.5,0,Y
10,Executive,Graduate,No,528,France,Urban,Married,Male,31,6,102016.72,0,2,0,0,2,3200,700.0,70.0,80181.12,0,Y
11,Senior Manager,Graduate,No,497,Spain,Urban,Married,Male,24,3,0.0,1,2,1,0,2,2500,1840.0,109.0,76390.01,0,Y
12,Senior Manager,Graduate,No,476,France,Urban,Married,Female,34,10,0.0,1,2,1,0,2,3073,8106.0,200.0,26260.98,0,Y
13,Executive,Graduate,No,549,France,Rural,Single,Female,25,5,0.0,0,2,0,0,0,1853,2840.0,114.0,190857.79,0,N
14,Manager,Graduate,No,635,Spain,Urban,Married,Female,35,7,0.0,1,2,1,1,2,1299,1086.0,17.0,65951.65,0,Y
15,Executive,Graduate,No,616,Germany,Urban,Single,Male,45,3,143129.41,0,2,0,1,0,4950,0.0,125.0,64327.26,0,Y
17,Executive,Graduate,No,549,Spain,Urban,Single,Female,24,9,0.0,1,2,1,1,0,3510,0.0,76.0,14406.41,0,N
18,Executive,Not Graduate,No,587,Spain,Rural,Divorced,Male,45,6,0.0,0,1,0,0,0,4887,0.0,133.0,158684.81,0,N
19,Executive,Graduate,No,726,France,Urban,Married,Female,24,6,0.0,1,2,1,1,0,2600,3500.0,115.0,54724.03,0,Y
20,Senior Manager,Not Graduate,No,732,France,Urban,Married,Male,41,8,0.0,1,2,1,1,0,7660,0.0,104.0,170886.17,0,N
22,Executive,Not Graduate,No,510,Spain,Semiurban,Divorced,Female,38,4,0.0,1,1,1,0,0,2600,1911.0,116.0,118913.53,1,N
23,Executive,Not Graduate,No,669,France,Rural,Divorced,Male,46,3,0.0,0,2,0,1,2,3365,1917.0,112.0,8487.75,0,N
24,VP,Graduate,No,846,France,Semiurban,Divorced,Female,38,5,0.0,1,1,1,1,1,3717,2925.0,151.0,187616.16,0,N
26,VP,Graduate,No,756,Germany,Semiurban,Married,Male,36,2,136815.64,1,1,1,1,0,2799,2253.0,122.0,170041.95,0,Y
27,Executive,Not Graduate,No,571,France,Urban,Divorced,Male,44,9,0.0,0,2,0,0,2,4226,1040.0,110.0,38433.35,0,Y
28,Executive,Not Graduate,No,574,Germany,Urban,Single,Female,43,3,141349.43,1,1,1,1,0,1442,0.0,35.0,100187.43,0,N
29,Executive,Graduate,No,411,France,Semiurban,Single,Male,29,0,59697.17,1,2,1,1,2,3750,2083.0,120.0,53483.21,0,Y
30,AVP,Graduate,No,591,Spain,Urban,Divorced,Female,39,3,0.0,1,3,1,0,1,4166,3369.0,201.0,140469.38,1,N
31,Senior Manager,Graduate,No,533,France,Urban,Single,Male,36,7,85311.7,0,1,0,1,0,3167,0.0,74.0,156731.91,0,N
32,Manager,Graduate,Yes,553,Germany,Rural,Single,Male,41,9,110112.54,0,2,0,0,1,4692,0.0,106.0,81898.81,0,N
33,Executive,Graduate,No,520,Spain,Semiurban,Divorced,Female,42,6,0.0,1,2,1,1,0,3500,1667.0,114.0,34410.55,0,Y
35,VP,Graduate,No,475,France,Urban,Divorced,Female,45,0,134264.04,1,1,1,0,0,2275,2067.0,146.41216216216216,27822.99,1,Y
36,Executive,Graduate,No,490,Spain,Urban,Married,Male,31,3,145260.23,0,1,0,1,0,1828,1330.0,100.0,114066.77,0,N
37,Executive,Graduate,No,804,Spain,Semiurban,Married,Male,33,7,76548.6,0,1,0,1,0,3667,1459.0,144.0,98453.45,0,Y
38,Manager,Graduate,No,850,France,Urban,Single,Male,36,7,0.0,1,1,1,1,0,4166,7210.0,184.0,40812.9,0,Y
39,Executive,Not Graduate,No,582,Germany,Semiurban,Single,Male,41,6,70349.48,0,2,0,1,0,3748,1668.0,110.0,178074.04,0,Y
40,Executive,Graduate,No,472,Spain,Urban,Single,Male,40,4,0.0,1,1,1,0,0,3600,0.0,80.0,70154.22,0,N
41,Executive,Graduate,No,465,France,Urban,Single,Female,51,8,122522.32,0,1,0,0,0,1800,1213.0,47.0,181297.65,1,Y
43,Manager,Graduate,No,834,France,Semiurban,Divorced,Female,49,2,131394.56,0,1,0,0,0,3941,2336.0,134.0,194365.76,1,Y
45,Senior Manager,Graduate,No,776,Germany,Urban,Single,Female,32,4,109421.13,1,2,1,1,0,3410,0.0,88.0,126517.46,0,Y
46,Manager,Graduate,No,829,Germany,Urban,Married,Female,27,9,112045.67,1,1,1,1,1,5649,0.0,44.0,119708.21,1,Y
47,VP,Graduate,No,637,Germany,Urban,Divorced,Female,39,9,137843.8,1,1,1,1,0,5821,0.0,144.0,117622.8,1,Y
48,Senior Manager,Graduate,No,550,Germany,Urban,Divorced,Male,38,2,103391.38,0,1,0,1,0,2645,3440.0,120.0,90878.13,0,N
49,Executive,Graduate,No,776,Germany,Semiurban,Single,Female,37,2,103769.22,1,2,1,0,0,4000,2275.0,144.0,194099.12,0,Y
50,Executive,Not Graduate,No,698,Germany,Semiurban,Divorced,Male,44,10,116363.37,1,2,1,0,0,1928,1644.0,100.0,198059.16,0,Y
51,Executive,Graduate,No,585,Germany,Semiurban,Single,Male,36,5,146050.97,0,2,0,0,0,3086,0.0,120.0,86424.57,0,Y
52,AVP,Graduate,No,788,France,Semiurban,Single,Female,33,5,0.0,0,2,0,0,0,4230,0.0,112.0,116978.19,0,N
53,Manager,Graduate,No,655,Germany,Urban,Divorced,Male,41,8,125561.97,0,1,0,0,2,4616,0.0,134.0,164040.94,1,N
55,Manager,Graduate,No,619,France,Semiurban,Married,Male,43,1,125211.92,1,1,1,1,2,2708,1167.0,97.0,113410.49,0,Y
56,Senior Manager,Graduate,No,656,France,Semiurban,Divorced,Male,45,5,127864.4,1,1,1,0,0,2132,1591.0,96.0,87107.57,0,Y
57,Senior Manager,Graduate,No,725,Germany,Rural,Married,Male,19,0,75888.2,0,1,0,0,0,3366,2200.0,135.0,45613.75,0,N
59,Manager,Not Graduate,No,614,France,Urban,Married,Male,51,4,40685.92,1,1,1,1,2,3357,2859.0,144.0,46775.28,0,Y
60,Manager,Graduate,No,742,Germany,Urban,Married,Male,35,5,136857.0,0,1,0,0,0,2500,3796.0,120.0,84509.57,0,Y
61,Manager,Graduate,No,687,Germany,Urban,Divorced,Female,27,9,152328.88,0,2,0,0,3,3029,0.0,99.0,126494.82,0,Y
62,Manager,Not Graduate,Yes,555,Spain,Rural,Divorced,Male,33,1,56084.69,0,2,0,0,0,2609,3449.0,165.0,178798.13,0,N
64,Executive,Graduate,No,603,Germany,Semiurban,Single,Male,26,4,109166.37,1,1,1,1,0,4166,0.0,116.0,92840.67,0,N
66,Manager,Not Graduate,No,581,Germany,Urban,Single,Female,34,1,101633.04,1,1,1,0,0,3200,2254.0,126.0,110431.51,0,N
68,Manager,Not Graduate,Yes,661,Germany,Urban,Divorced,Female,35,5,150725.53,0,2,0,1,3,7100,0.0,125.0,113656.85,0,Y
69,Manager,Graduate,No,675,France,Semiurban,Single,Female,21,8,98373.26,1,1,1,0,0,4300,0.0,136.0,18203.0,0,N
71,Manager,Not Graduate,Yes,813,France,Semiurban,Divorced,Male,29,6,0.0,1,1,1,0,2,1875,1875.0,97.0,33953.87,0,Y
72,Senior Manager,Graduate,No,657,Spain,Semiurban,Single,Female,37,0,163607.18,0,1,0,1,0,3500,0.0,81.0,44203.55,0,Y
73,AVP,Not Graduate,No,604,Germany,Semiurban,Divorced,Female,25,5,157780.84,1,2,1,1,3,4755,0.0,95.0,58426.81,0,N
74,Manager,Graduate,Yes,519,France,Semiurban,Married,Male,36,9,0.0,0,2,0,1,3,5266,1774.0,187.0,145562.4,0,Y
75,Executive,Graduate,No,735,France,Urban,Single,Female,21,1,178718.19,1,2,1,0,0,3750,0.0,113.0,22388.0,0,N
77,Manager,Graduate,Yes,678,France,Urban,Divorced,Female,32,9,0.0,1,1,1,1,1,1000,3022.0,110.0,148210.64,0,N
78,Manager,Graduate,No,757,Spain,Semiurban,Married,Male,33,5,77253.22,0,1,0,1,3,3167,4000.0,180.0,194239.63,0,N
79,Manager,Not Graduate,Yes,416,Germany,Semiurban,Divorced,Female,41,10,122189.66,1,2,1,0,3,3333,2166.0,130.0,98301.61,0,Y
80,VP,Graduate,No,665,France,Semiurban,Single,Female,34,1,96645.54,0,2,0,0,0,3846,0.0,111.0,171413.66,0,Y
81,Manager,Graduate,Yes,777,France,Semiurban,Divorced,Female,32,2,0.0,1,1,1,0,1,2395,0.0,146.41216216216216,136458.19,1,Y
82,Executive,Graduate,No,543,France,Urban,Divorced,Female,36,3,0.0,0,2,0,0,2,1378,1881.0,167.0,26019.59,0,N
84,Senior Manager,Graduate,No,493,France,Urban,Divorced,Female,46,4,0.0,1,2,1,0,1,3988,0.0,50.0,1907.66,0,Y
86,Executive,Not Graduate,No,750,Spain,Semiurban,Divorced,Male,22,3,121681.82,1,1,1,0,2,3333,2000.0,99.0,128643.35,1,Y
87,Manager,Graduate,No,729,France,Semiurban,Divorced,Male,30,9,0.0,1,2,1,0,0,2500,2118.0,104.0,151869.35,0,Y
88,Manager,Graduate,No,646,France,Urban,Single,Female,46,4,0.0,1,3,1,0,0,8566,0.0,210.0,93251.42,1,Y
89,Executive,Graduate,No,635,Germany,Semiurban,Divorced,Female,28,3,81623.67,1,2,1,1,0,5695,4167.0,175.0,156791.36,0,Y
90,Senior Manager,Graduate,No,647,Spain,Semiurban,Divorced,Female,44,5,0.0,1,3,1,1,0,2958,2900.0,131.0,174205.22,1,Y
91,Senior Manager,Graduate,No,808,France,Semiurban,Married,Male,45,7,118626.55,1,2,1,0,2,6250,5654.0,188.0,147132.46,0,Y
92,Manager,Not Graduate,No,524,France,Urban,Married,Female,36,10,0.0,1,2,1,0,2,3273,1820.0,81.0,109614.57,0,Y
93,Senior Manager,Graduate,No,769,France,Semiurban,Single,Male,29,8,0.0,1,2,1,1,0,4133,0.0,122.0,172290.61,0,Y
94,VP,Not Graduate,No,730,Spain,Semiurban,Single,Male,42,4,0.0,0,2,0,1,0,3620,0.0,25.0,85982.47,0,Y
95,Executive,Graduate,No,515,Spain,Urban,Single,Male,35,10,176273.95,0,1,0,1,0,6782,0.0,146.41216216216216,121277.78,0,N
96,Manager,Graduate,No,773,Spain,Semiurban,Divorced,Male,41,9,102827.44,0,1,0,1,0,2484,2302.0,137.0,64595.25,0,Y
97,VP,Graduate,No,814,Germany,Semiurban,Divorced,Male,29,8,97086.4,1,2,1,1,0,1977,997.0,50.0,197276.13,0,Y
98,AVP,Not Graduate,No,710,Spain,Semiurban,Divorced,Male,22,8,0.0,0,2,0,0,0,4188,0.0,115.0,99645.04,0,Y
99,Manager,Graduate,No,413,France,Semiurban,Divorced,Male,34,9,0.0,0,2,0,0,0,1759,3541.0,131.0,6534.18,0,Y
100,Manager,Not Graduate,No,665,France,Urban,Married,Female,40,6,0.0,1,1,1,1,2,4288,3263.0,133.0,161848.03,0,Y
101,Manager,Graduate,No,623,France,Semiurban,Single,Female,44,6,0.0,0,2,0,0,0,4843,3806.0,151.0,167162.43,0,Y
103,Manager,Graduate,No,528,Spain,Semiurban,Married,Male,36,7,0.0,1,2,1,0,0,4652,3583.0,146.41216216216216,60536.56,0,Y
105,Executive,Graduate,No,622,Spain,Urban,Divorced,Female,46,4,107073.27,1,2,1,1,1,3052,1030.0,100.0,30984.59,1,Y
107,Executive,Not Graduate,No,785,Germany,Rural,Single,Female,36,2,99806.85,0,1,0,1,0,7333,0.0,120.0,36976.52,0,N
108,Manager,Graduate,No,605,Spain,Urban,Divorced,Male,33,5,150092.8,0,1,0,0,2,3800,3600.0,216.0,71862.79,0,N
109,Executive,Not Graduate,No,479,Germany,Semiurban,Divorced,Male,35,9,92833.89,1,1,1,0,3,2071,754.0,94.0,99449.86,1,Y
110,Manager,Graduate,No,685,Germany,Urban,Single,Male,30,3,90536.81,0,1,0,1,0,5316,0.0,136.0,63082.88,0,Y
111,Executive,Graduate,No,538,Germany,Semiurban,Divorced,Male,39,7,108055.1,1,2,1,0,0,2929,2333.0,139.0,27231.26,0,Y
112,VP,Not Graduate,No,562,France,Rural,Divorced,Male,42,2,100238.35,0,1,0,0,0,3572,4114.0,152.0,86797.41,0,N
113,Manager,Graduate,Yes,675,Spain,Semiurban,Single,Male,36,9,106190.55,0,1,0,1,1,7451,0.0,146.41216216216216,22994.32,0,Y
114,Executive,Graduate,No,721,Germany,Semiurban,Single,Male,28,9,154475.54,0,2,0,1,0,5050,0.0,118.0,101300.94,1,Y
116,Executive,Graduate,No,668,Germany,Semiurban,Divorced,Female,37,6,167864.4,1,1,1,0,0,3167,2283.0,154.0,115638.29,0,Y
117,Manager,Graduate,No,506,France,Urban,Divorced,Female,41,1,0.0,1,2,1,0,1,2214,1398.0,85.0,31766.3,0,Y
118,Executive,Graduate,No,524,Germany,Rural,Divorced,Female,31,8,107818.63,1,1,1,0,0,5568,2142.0,175.0,199725.39,1,N
120,AVP,Graduate,No,828,France,Rural,Married,Male,34,8,129433.34,0,2,0,0,0,5667,2667.0,180.0,38131.77,0,Y
121,Executive,Graduate,No,674,Spain,Semiurban,Single,Male,39,6,120193.42,0,1,0,0,0,4166,0.0,44.0,100130.95,0,Y
122,Executive,Graduate,No,656,France,Semiurban,Single,Female,39,6,0.0,1,2,1,0,0,2137,8980.0,137.0,141069.88,0,Y
123,Executive,Graduate,No,684,Germany,Semiurban,Divorced,Female,48,10,126384.42,1,1,1,1,2,2957,0.0,81.0,198129.36,0,Y
124,Senior Manager,Not Graduate,No,625,France,Rural,Married,Female,28,3,0.0,0,1,0,0,0,4300,2014.0,194.0,183646.41,0,Y
125,Manager,Graduate,No,432,France,Rural,Single,Male,42,9,152603.45,1,1,1,0,0,3692,0.0,93.0,110265.24,1,Y
129,AVP,Graduate,No,770,France,Rural,Divorced,Male,24,9,101827.07,1,1,1,0,0,6080,2569.0,182.0,167256.35,0,N
131,Executive,Graduate,No,795,Germany,Urban,Single,Female,33,9,130862.43,1,1,1,1,0,2014,1929.0,74.0,114935.21,0,Y
132,Senior Manager,Graduate,No,687,France,Semiurban,Single,Male,38,9,122570.87,1,1,1,1,0,2718,0.0,70.0,35608.88,0,Y
133,Manager,Graduate,Yes,686,France,Semiurban,Married,Male,25,1,0.0,0,2,0,1,0,3459,0.0,25.0,16459.37,0,Y
134,Manager,Graduate,No,789,Germany,Semiurban,Single,Male,39,7,124828.46,1,2,1,1,0,4895,0.0,102.0,124411.08,0,Y
136,Manager,Graduate,No,461,Germany,Rural,Married,Female,34,5,63663.93,0,1,0,1,0,4583,0.0,84.0,167784.28,0,N
137,Manager,Graduate,Yes,637,France,Urban,Divorced,Male,40,2,133463.1,0,1,0,1,2,3316,3500.0,88.0,93165.34,0,Y
139,Manager,Not Graduate,No,579,Spain,Rural,Married,Female,35,1,129490.36,0,2,0,1,2,4200,1430.0,129.0,8590.83,1,N
140,Manager,Graduate,No,756,Germany,Rural,Divorced,Male,44,10,137452.09,1,1,1,0,2,5042,2083.0,185.0,189543.9,0,N
141,Manager,Graduate,No,663,France,Urban,Single,Male,34,7,0.0,1,2,1,1,0,5417,0.0,168.0,180427.24,0,Y
142,Manager,Graduate,Yes,682,France,Semiurban,Single,Female,43,5,125851.93,1,1,1,1,0,6950,0.0,175.0,193318.33,0,Y
145,Executive,Graduate,No,485,Spain,Semiurban,Divorced,Female,21,5,113157.22,1,1,1,1,0,2330,4486.0,100.0,54141.5,0,Y
147,Senior Manager,Graduate,No,650,France,Urban,Divorced,Male,37,5,106967.18,0,1,0,0,1,1538,1425.0,30.0,24495.03,0,Y
149,Executive,Graduate,No,416,France,Semiurban,Divorced,Male,32,0,0.0,0,2,0,1,0,4860,830.0,125.0,878.87,0,Y
150,Executive,Graduate,No,754,Spain,Rural,Single,Female,32,7,0.0,1,2,1,0,0,6277,0.0,118.0,89520.75,0,N
151,Manager,Graduate,Yes,535,France,Rural,Divorced,Female,48,9,0.0,1,1,1,0,0,2577,3750.0,152.0,149892.79,1,Y
153,AVP,Not Graduate,No,539,France,Rural,Divorced,Male,37,2,127609.59,1,1,1,0,2,2281,0.0,113.0,98646.22,0,N
154,Executive,Graduate,No,614,France,Urban,Single,Female,43,6,0.0,1,2,1,1,0,3254,0.0,50.0,109041.53,0,Y
156,AVP,Graduate,No,758,France,Rural,Divorced,Female,33,7,0.0,0,2,0,0,1,6000,0.0,160.0,82996.47,0,Y
159,Executive,Graduate,No,631,Germany,Semiurban,Married,Female,33,4,123246.7,0,1,0,0,0,4583,5625.0,255.0,112687.57,0,Y
160,Manager,Not Graduate,No,717,Spain,Semiurban,Married,Female,22,6,101060.25,0,1,0,1,0,1863,1041.0,98.0,84699.56,0,Y
162,Manager,Graduate,No,800,France,Semiurban,Divorced,Female,49,7,108007.36,0,1,0,0,1,3089,1280.0,121.0,47125.11,0,N
163,Manager,Graduate,No,721,Spain,Rural,Married,Female,36,2,0.0,1,2,1,1,2,4167,1447.0,158.0,106977.8,0,Y
165,Manager,Graduate,No,660,Germany,Rural,Married,Male,31,9,125189.75,1,2,1,1,0,3707,3166.0,182.0,139874.43,0,Y
166,Senior Manager,Graduate,No,704,Germany,Rural,Married,Female,24,7,113034.22,1,1,1,0,0,4583,0.0,112.0,162503.48,1,N
167,VP,Graduate,No,615,Spain,Rural,Divorced,Female,41,9,109013.23,1,1,1,0,0,2439,3333.0,129.0,196499.96,0,Y
168,Senior Manager,Graduate,No,667,Spain,Semiurban,Single,Female,39,2,0.0,1,2,1,0,0,2237,0.0,63.0,40721.24,1,N
169,Manager,Graduate,No,682,Germany,Semiurban,Divorced,Male,24,9,57929.81,0,2,0,0,2,8000,0.0,200.0,53134.3,0,Y
170,Manager,Not Graduate,No,484,France,Rural,Married,Female,29,4,130114.39,1,1,1,0,0,1820,1769.0,95.0,164017.89,0,Y
172,Manager,Not Graduate,No,480,Germany,Rural,Divorced,Male,44,10,129608.57,1,1,1,0,3,3522,0.0,81.0,5472.7,1,N
173,Manager,Graduate,No,578,France,Semiurban,Divorced,Male,30,4,169462.09,1,1,1,0,0,5708,5625.0,187.0,112187.11,0,Y
174,Manager,Not Graduate,Yes,512,France,Semiurban,Divorced,Male,40,5,0.0,1,2,1,1,0,4344,736.0,87.0,146457.83,0,N
175,Senior Manager,Graduate,No,484,Spain,Rural,Divorced,Female,35,7,133868.21,1,1,1,1,0,3497,1964.0,116.0,27286.1,0,Y
176,Manager,Graduate,No,510,France,Rural,Married,Female,30,0,0.0,1,2,1,1,2,2045,1619.0,101.0,130553.47,0,Y
178,Executive,Graduate,No,597,Spain,Semiurban,Divorced,Female,40,8,101993.12,0,1,0,1,1,3750,0.0,116.0,94774.12,0,Y
180,Executive,Graduate,No,850,Spain,Urban,Married,Female,45,2,122311.21,1,1,1,1,1,6400,7250.0,180.0,19482.5,0,N
182,Manager,Graduate,No,778,Germany,Semiurban,Divorced,Female,45,1,162150.42,1,2,1,0,0,4600,0.0,73.0,174531.27,0,Y
184,Manager,Graduate,No,804,France,Semiurban,Divorced,Female,50,4,0.0,1,1,1,1,0,3625,0.0,108.0,8546.87,1,Y
186,Manager,Graduate,Yes,730,France,Rural,Married,Female,39,1,99010.67,1,1,1,0,1,2178,0.0,66.0,194945.8,0,N
187,Manager,Graduate,No,525,Spain,Rural,Divorced,Female,37,0,0.0,0,1,0,1,0,2383,2138.0,58.0,131521.72,0,Y
188,Manager,Graduate,Yes,616,Spain,Rural,Divorced,Male,30,5,0.0,0,2,0,1,0,674,5296.0,168.0,196108.51,0,Y
190,Senior Manager,Not Graduate,No,715,France,Rural,Single,Female,41,8,56214.85,0,2,0,0,0,4885,0.0,48.0,92982.61,1,Y
192,Manager,Not Graduate,No,479,France,Urban,Married,Male,40,1,0.0,0,2,0,0,0,6033,0.0,160.0,114996.43,0,N
193,Manager,Graduate,No,601,France,Semiurban,Single,Male,32,8,93012.89,1,1,1,0,0,3858,0.0,76.0,86957.42,0,Y
194,Manager,Graduate,No,580,Spain,Rural,Single,Male,29,9,61710.44,1,2,1,0,0,4191,0.0,120.0,128077.8,0,Y
195,Manager,Graduate,No,807,France,Semiurban,Divorced,Male,35,3,174790.15,1,1,1,1,1,3125,2583.0,170.0,600.36,0,N
196,Manager,Graduate,No,616,Spain,Rural,Single,Female,32,6,0.0,1,2,1,1,0,8333,3750.0,187.0,43001.46,0,Y
197,Manager,Not Graduate,No,721,Germany,Urban,Single,Male,37,3,107720.64,1,1,1,1,0,1907,2365.0,120.0,158591.12,0,Y
200,Manager,Not Graduate,No,850,Spain,Semiurban,Divorced,Male,30,2,141040.01,1,1,1,1,1,2600,2500.0,90.0,5978.2,0,Y
201,Senior Manager,Graduate,No,759,France,Semiurban,Single,Male,42,4,105420.18,0,1,0,1,2,4923,0.0,166.0,121409.06,0,Y
202,Executive,Not Graduate,No,516,Spain,Urban,Divorced,Male,50,5,0.0,0,1,0,1,3,3992,0.0,146.41216216216216,146145.93,1,N
203,Executive,Not Graduate,No,711,France,Urban,Divorced,Female,38,2,129022.06,1,2,1,1,1,3500,1083.0,135.0,14374.86,1,Y
204,Senior Manager,Not Graduate,No,512,Spain,Semiurban,Divorced,Male,33,3,176666.62,1,1,1,0,2,3917,0.0,124.0,94670.77,0,Y
205,Senior Manager,Not Graduate,No,550,France,Semiurban,Single,Male,37,3,0.0,1,1,1,1,0,4408,0.0,120.0,179670.31,0,Y
206,AVP,Graduate,No,608,Spain,Urban,Single,Female,41,3,89763.84,0,1,0,0,0,3244,0.0,80.0,199304.74,1,Y
207,Manager,Not Graduate,No,618,France,Rural,Single,Male,34,5,134954.53,1,1,1,1,0,3975,2531.0,55.0,151954.39,0,Y
208,Senior Manager,Graduate,No,643,France,Urban,Single,Male,45,5,0.0,1,1,1,0,0,2479,0.0,59.0,142513.5,1,Y
209,Executive,Graduate,No,671,France,Semiurban,Single,Male,45,2,106376.85,0,1,0,1,0,3418,0.0,127.0,158264.62,0,N
211,Manager,Graduate,No,603,France,Semiurban,Married,Male,31,8,0.0,1,2,1,1,3,3430,1250.0,128.0,169915.02,0,N
212,Manager,Graduate,Yes,620,France,Urban,Married,Female,41,9,0.0,0,2,0,0,1,7787,0.0,240.0,88852.47,0,Y
213,Manager,Not Graduate,Yes,676,France,Rural,Divorced,Female,34,1,63095.01,1,1,1,1,3,5703,0.0,130.0,40645.81,0,Y
214,Manager,Graduate,No,572,Germany,Urban,Divorced,Male,26,4,118287.01,0,2,0,0,0,3173,3021.0,137.0,60427.3,0,Y
215,Executive,Not Graduate,No,668,Germany,Semiurban,Married,Male,47,7,106854.21,0,1,0,1,3,3850,983.0,100.0,157959.02,1,Y
216,Manager,Graduate,No,695,France,Rural,Divorced,Male,46,7,49512.55,1,1,1,0,0,150,1800.0,135.0,133007.34,0,N
217,Senior Manager,Graduate,No,730,Spain,Semiurban,Divorced,Female,33,9,0.0,0,2,0,0,0,3727,1775.0,131.0,176576.62,0,Y
218,Manager,Graduate,No,807,France,Semiurban,Divorced,Male,43,1,105799.32,1,2,1,0,2,5000,0.0,72.0,34888.04,1,N
220,Executive,Graduate,No,726,France,Urban,Divorced,Female,31,9,114722.05,1,2,1,1,0,2221,0.0,60.0,98178.57,0,N
221,Executive,Graduate,No,514,Spain,Semiurban,Divorced,Male,30,7,0.0,0,1,0,1,2,4009,1717.0,116.0,125010.24,0,Y
222,Manager,Graduate,No,567,France,Semiurban,Single,Male,42,2,0.0,1,2,1,1,0,2971,2791.0,144.0,167984.61,0,Y
223,Executive,Graduate,No,850,France,Semiurban,Divorced,Male,33,10,0.0,1,1,1,0,0,7578,1010.0,175.0,4861.72,1,Y
224,Manager,Graduate,No,671,Germany,Semiurban,Divorced,Male,45,6,99564.22,1,1,1,1,0,6250,0.0,128.0,108872.45,1,Y
225,Manager,Graduate,No,670,France,Rural,Married,Male,37,4,170557.91,1,2,1,0,0,3250,0.0,170.0,198252.88,0,N
226,Manager,Not Graduate,Yes,694,France,Urban,Divorced,Female,30,9,0.0,1,2,1,1,0,4735,0.0,138.0,26960.31,0,N
227,Manager,Graduate,No,547,Germany,Semiurban,Married,Female,39,6,74596.15,1,3,1,1,2,6250,1695.0,210.0,85746.52,1,Y
228,Manager,Graduate,No,751,Germany,Semiurban,Divorced,Male,50,2,96888.39,1,1,1,0,0,4758,0.0,158.0,77206.25,1,Y
229,Manager,Graduate,Yes,594,Germany,Rural,Single,Female,29,3,130830.22,1,1,1,0,0,6400,0.0,200.0,61048.53,0,Y
231,Executive,Graduate,No,610,France,Rural,Divorced,Male,40,0,0.0,1,2,1,0,0,3716,0.0,42.0,62232.6,0,Y
232,Executive,Not Graduate,No,512,France,Rural,Single,Female,37,1,0.0,0,2,0,1,0,3189,2598.0,120.0,156105.03,0,Y
235,Manager,Graduate,No,763,Germany,Rural,Divorced,Male,42,6,100160.75,1,1,1,0,1,5500,1260.0,170.0,33462.94,1,Y
236,Executive,Graduate,No,712,France,Urban,Divorced,Female,29,2,0.0,1,1,1,1,0,5746,0.0,255.0,144375.0,0,N
237,Manager,Graduate,Yes,539,Germany,Urban,Single,Female,43,3,116220.5,1,3,1,0,0,3463,0.0,122.0,55803.96,1,Y
238,Manager,Graduate,No,668,France,Rural,Single,Female,46,2,0.0,1,3,1,0,1,3812,0.0,112.0,89048.46,1,Y
239,Manager,Graduate,No,703,France,Semiurban,Divorced,Male,28,2,81173.83,0,2,0,1,1,3315,0.0,96.0,162812.16,0,Y
240,Senior Manager,Graduate,No,662,Spain,Rural,Divorced,Male,38,4,0.0,1,2,1,0,2,5819,5000.0,120.0,136259.65,0,Y
241,Manager,Not Graduate,No,725,Germany,Urban,Married,Female,39,5,116803.8,1,1,1,0,1,2510,1983.0,140.0,124052.97,0,N
242,Manager,Graduate,No,703,France,Urban,Single,Male,37,8,105961.68,0,2,0,1,0,2965,5701.0,155.0,74158.8,0,Y
244,Manager,Not Graduate,No,523,Spain,Semiurban,Divorced,Male,34,7,0.0,1,2,1,0,0,3406,4417.0,123.0,62030.06,0,Y
245,Manager,Graduate,Yes,635,France,Urban,Single,Female,40,10,123497.58,1,1,1,0,0,6050,4333.0,120.0,131953.23,1,N
247,Manager,Not Graduate,No,545,France,Urban,Married,Female,26,1,0.0,1,2,1,1,1,6608,0.0,137.0,199638.56,0,Y
248,Executive,Graduate,No,634,Germany,Semiurban,Divorced,Male,24,8,103097.85,1,1,1,1,1,2882,1843.0,123.0,157577.29,0,Y
250,Executive,Not Graduate,No,771,Germany,Semiurban,Divorced,Female,36,5,77846.9,0,1,0,0,0,1668,3890.0,201.0,99805.99,0,N
251,Senior Manager,Graduate,No,587,Spain,Urban,Single,Female,34,1,0.0,1,2,1,1,2,3427,0.0,138.0,97932.68,0,N
255,Executive,Graduate,No,766,Spain,Rural,Single,Male,41,0,0.0,0,2,0,1,3,3083,0.0,255.0,34283.23,0,Y
256,Senior Manager,Not Graduate,No,727,France,Rural,Single,Male,34,10,0.0,1,2,1,1,0,6045,0.0,115.0,198637.34,0,N
257,Executive,Graduate,No,671,Germany,Urban,Divorced,Female,34,6,37266.67,0,2,0,0,3,5250,0.0,94.0,156917.12,0,N
259,Manager,Not Graduate,No,850,Germany,Semiurban,Married,Male,38,3,54901.01,1,1,1,1,3,4931,0.0,128.0,140075.55,0,N
261,Manager,Graduate,No,726,Spain,Semiurban,Single,Female,48,6,99906.19,1,1,1,0,0,2060,2209.0,134.0,64323.24,0,Y
262,Manager,Graduate,No,557,France,Semiurban,Single,Female,32,6,184686.41,1,2,1,0,1,3481,0.0,155.0,14956.44,0,N
263,Senior Manager,Graduate,No,682,France,Rural,Single,Female,26,0,110654.02,0,1,0,1,0,7200,0.0,120.0,111879.21,0,Y
264,Manager,Graduate,Yes,738,Spain,Semiurban,Single,Male,31,9,79019.8,1,1,1,1,0,5166,0.0,128.0,18606.23,0,Y
265,Executive,Graduate,No,531,Spain,Rural,Single,Female,36,9,99240.51,1,1,1,0,0,4095,3447.0,151.0,123137.01,0,Y
266,Manager,Graduate,No,498,France,Semiurban,Divorced,Male,34,2,0.0,1,2,1,1,2,4708,1387.0,150.0,148528.24,0,Y
267,AVP,Graduate,No,651,France,Urban,Divorced,Male,36,7,0.0,1,2,1,0,3,4333,1811.0,160.0,13898.31,0,Y
268,Manager,Graduate,No,549,Spain,Rural,Single,Female,39,7,0.0,0,1,0,0,0,3418,0.0,135.0,81259.25,1,N
269,Senior Manager,Graduate,No,791,Germany,Urban,Single,Female,35,7,52436.2,1,1,1,0,1,2876,1560.0,90.0,161051.75,0,Y
270,AVP,Graduate,No,650,Spain,Urban,Single,Male,41,9,0.0,0,2,0,1,0,3237,0.0,30.0,191599.67,0,Y
272,Manager,Graduate,No,811,Germany,Rural,Single,Female,34,1,149297.19,1,2,1,1,0,2833,1857.0,126.0,186339.74,0,Y
273,VP,Graduate,No,707,France,Semiurban,Divorced,Male,30,8,0.0,1,2,1,0,0,2620,2223.0,150.0,33159.37,0,Y
274,Manager,Graduate,No,712,Germany,Semiurban,Married,Male,28,4,145605.44,0,1,0,1,2,3900,0.0,90.0,93883.53,0,Y
275,Manager,Graduate,No,706,Spain,Semiurban,Married,Female,37,7,0.0,1,2,1,1,1,2750,1842.0,115.0,110899.3,0,Y
279,Manager,Not Graduate,No,714,France,Rural,Divorced,Male,46,1,0.0,1,1,1,0,0,4100,0.0,124.0,152167.79,1,Y
280,Manager,Not Graduate,Yes,782,France,Urban,Single,Male,39,8,0.0,1,2,1,1,1,4053,2426.0,158.0,33949.67,0,N
281,Executive,Graduate,No,775,Spain,Semiurban,Divorced,Male,29,10,0.0,1,2,1,1,0,3927,800.0,112.0,68143.93,0,Y
282,VP,Graduate,No,479,Germany,Urban,Divorced,Male,35,4,138718.92,1,1,1,1,2,2301,985.7999878,78.0,47251.79,1,Y
283,Senior Manager,Graduate,No,807,France,Urban,Single,Male,42,7,118274.71,1,1,1,1,0,1811,1666.0,54.0,25885.72,0,Y
285,Manager,Graduate,No,675,France,Rural,Single,Male,40,7,113208.86,1,2,1,0,0,3158,3053.0,89.0,34577.36,0,Y
286,Manager,Graduate,Yes,602,Spain,Semiurban,Single,Male,29,5,103907.28,1,1,1,0,0,2600,1717.0,99.0,161229.84,0,N
287,Manager,Graduate,No,475,France,Rural,Married,Female,32,8,119023.28,1,1,1,0,0,3704,2000.0,120.0,100816.29,0,Y
288,Manager,Graduate,No,744,Spain,Semiurban,Single,Female,26,5,166297.89,1,1,1,1,0,4124,0.0,115.0,181694.44,0,Y
290,Senior Manager,Graduate,No,703,Germany,Rural,Married,Male,42,9,63227.0,0,1,0,1,0,3075,2416.0,139.0,137316.32,0,Y
291,Manager,Graduate,No,747,Spain,Semiurban,Married,Female,41,5,94521.17,1,2,1,0,2,4400,0.0,127.0,194926.86,0,N
292,Executive,Graduate,No,583,France,Urban,Married,Male,27,7,0.0,1,2,1,0,2,3153,1560.0,134.0,51285.49,0,Y
293,AVP,Graduate,No,750,Spain,Urban,Single,Female,34,9,112822.26,0,1,0,0,0,5417,0.0,143.0,150401.53,1,N
294,Senior Manager,Graduate,No,681,France,Semiurban,Divorced,Male,38,3,0.0,1,2,1,1,0,2383,3334.0,172.0,112491.96,0,Y
295,Executive,Graduate,No,773,France,Urban,Divorced,Male,25,2,135903.33,1,1,1,0,3,4416,1250.0,110.0,73656.38,0,Y
296,AVP,Graduate,No,714,France,Semiurban,Divorced,Female,31,4,125169.26,1,1,1,1,1,6875,0.0,200.0,106636.89,0,Y
297,Manager,Graduate,No,687,Spain,Urban,Divorced,Female,44,7,0.0,1,3,1,0,1,4666,0.0,135.0,155853.52,1,Y
299,Manager,Graduate,No,627,France,Urban,Married,Male,33,5,0.0,1,2,1,1,1,2014,2925.0,113.0,103737.82,0,N
300,VP,Not Graduate,No,694,France,Urban,Divorced,Female,31,10,0.0,1,2,1,0,0,1800,2934.0,93.0,160990.27,0,N
301,Manager,Not Graduate,No,616,Spain,Semiurban,Married,Female,36,6,132311.71,0,1,0,0,0,2875,1750.0,105.0,15462.84,0,Y
302,Executive,Graduate,No,687,France,Rural,Single,Male,35,8,0.0,1,2,1,0,0,5000,0.0,132.0,10334.05,0,Y
303,Manager,Graduate,No,712,France,Urban,Divorced,Female,33,6,0.0,1,2,1,1,1,1625,1803.0,96.0,190686.16,0,Y
304,Executive,Graduate,No,553,France,Rural,Single,Male,33,4,118082.89,0,1,0,0,0,4000,2500.0,140.0,94440.45,0,Y
305,Executive,Not Graduate,No,667,France,Urban,Single,Male,31,1,119266.69,1,1,1,1,0,2000,0.0,146.41216216216216,28257.63,0,N
306,Manager,Graduate,No,731,France,Rural,Single,Male,43,2,0.0,1,1,1,1,0,3762,1666.0,135.0,170034.95,1,Y
307,Manager,Graduate,No,629,Germany,Urban,Single,Male,35,7,156847.29,1,2,1,0,0,2400,1863.0,104.0,31824.29,0,N
309,Executive,Not Graduate,No,438,Germany,Rural,Divorced,Male,31,8,78398.69,1,1,1,0,2,7667,0.0,185.0,44937.01,0,Y
311,Manager,Not Graduate,No,729,Germany,Semiurban,Single,Male,30,6,63669.42,1,1,1,0,0,2927,2405.0,111.0,145111.37,0,Y
312,Executive,Graduate,No,642,France,Rural,Single,Male,38,3,0.0,0,2,0,0,0,2507,0.0,56.0,171463.83,0,Y
314,Executive,Graduate,No,744,Spain,Rural,Married,Male,36,2,153804.44,1,1,1,1,0,2473,1843.0,159.0,87213.33,0,N
315,VP,Not Graduate,No,474,Spain,Urban,Divorced,Male,37,3,0.0,0,2,0,0,1,3399,1640.0,111.0,57175.32,0,Y
316,Executive,Graduate,No,559,France,Semiurban,Divorced,Male,49,2,147069.78,1,1,1,0,2,3717,0.0,120.0,120540.83,1,Y
317,Executive,Graduate,No,706,Spain,Urban,Married,Male,42,9,0.0,1,2,1,1,0,2058,2134.0,88.0,28714.34,0,Y
318,Executive,Graduate,No,628,Spain,Semiurban,Single,Female,22,3,0.0,1,1,1,0,1,3541,0.0,112.0,85426.28,0,Y
321,Executive,Graduate,No,680,France,Semiurban,Divorced,Female,30,8,141441.75,1,1,1,1,3,4342,189.0,124.0,16278.97,0,Y
322,Senior Manager,Not Graduate,No,749,France,Rural,Divorced,Male,40,1,139290.41,1,1,1,0,2,3601,1590.0,146.41216216216216,182855.42,1,Y
323,Senior Manager,Graduate,No,763,France,Rural,Single,Female,31,4,0.0,0,2,0,0,0,3166,2985.0,132.0,50404.72,0,Y
326,Manager,Graduate,No,594,France,Rural,Single,Male,35,2,0.0,1,2,1,0,0,4917,0.0,130.0,103480.69,0,Y
327,Manager,Graduate,Yes,644,France,Semiurban,Divorced,Female,46,9,95441.27,1,1,1,0,0,5818,2160.0,184.0,108761.05,1,Y
328,Senior Manager,Graduate,No,671,Germany,Urban,Divorced,Male,35,1,144848.74,1,1,1,1,0,4333,2451.0,110.0,179012.3,0,N
329,AVP,Graduate,No,664,Germany,Urban,Single,Male,26,7,116244.14,1,2,1,1,0,2500,0.0,67.0,95145.14,0,Y
330,Executive,Graduate,No,656,France,Urban,Single,Male,50,7,0.0,0,2,0,1,1,4384,1793.0,117.0,72143.44,0,Y
331,Manager,Graduate,No,667,Spain,Semiurban,Single,Female,40,1,146502.07,1,1,1,0,0,2935,0.0,98.0,19162.89,0,Y
332,Senior Manager,Graduate,No,663,Germany,Urban,Single,Male,44,2,117028.6,0,2,0,1,0,2833,0.0,71.0,144680.18,0,Y
335,Manager,Graduate,Yes,485,France,Semiurban,Divorced,Male,29,7,182123.79,1,1,1,0,0,5503,4490.0,70.0,116828.51,1,Y
336,Manager,Graduate,No,659,Germany,Rural,Divorced,Female,32,3,150923.74,0,2,0,1,1,5250,688.0,160.0,174652.51,0,Y
337,Manager,Graduate,Yes,649,France,Rural,Married,Male,33,2,0.0,1,2,1,0,2,2500,4600.0,176.0,2010.98,0,Y
338,Senior Manager,Not Graduate,No,805,Spain,Urban,Single,Female,39,5,165272.13,1,1,1,0,3,1830,0.0,146.41216216216216,14109.85,1,N
339,Senior Manager,Graduate,No,716,Germany,Semiurban,Single,Female,39,10,115301.31,1,1,1,0,0,4160,0.0,71.0,43527.4,1,Y
340,Senior Manager,Not Graduate,No,642,Germany,Rural,Divorced,Female,40,6,129502.49,0,2,0,1,3,2647,1587.0,173.0,86099.23,1,N
341,Executive,Graduate,No,659,France,Rural,Single,Male,31,4,118342.26,0,1,0,0,0,2378,0.0,46.0,161574.19,0,N
342,Senior Manager,Not Graduate,No,545,Spain,Urban,Divorced,Female,47,5,0.0,1,2,1,1,1,4554,1229.0,158.0,38970.14,0,Y
343,Senior Manager,Not Graduate,No,543,France,Semiurban,Divorced,Male,22,8,0.0,0,2,0,0,3,3173,0.0,74.0,127587.22,0,Y
344,Executive,Graduate,No,718,France,Rural,Divorced,Female,25,7,0.0,1,2,1,0,2,2583,2330.0,125.0,30380.12,0,Y
345,Executive,Graduate,No,840,France,Semiurban,Divorced,Female,43,7,0.0,1,2,1,0,0,2499,2458.0,160.0,90908.95,0,Y
346,Senior Manager,Not Graduate,No,630,Germany,Rural,Married,Female,34,9,106937.05,1,2,1,0,0,3523,3230.0,152.0,138275.01,0,N
349,Executive,Graduate,No,582,France,Rural,Married,Male,39,5,0.0,1,2,1,1,0,2625,6250.0,187.0,129892.93,0,Y
352,Executive,Graduate,No,568,Spain,Rural,Married,Female,32,7,169399.6,1,1,1,0,3,2666,2083.0,95.0,61936.22,0,Y
353,Manager,Graduate,Yes,670,Spain,Rural,Divorced,Male,25,6,0.0,1,2,1,1,0,5500,0.0,105.0,78358.94,0,N
354,AVP,Graduate,No,613,France,Semiurban,Married,Female,45,1,187841.99,1,2,1,1,0,2423,505.0,130.0,147224.27,0,Y
355,Executive,Graduate,No,539,France,Urban,Single,Male,30,0,0.0,1,2,1,0,0,3813,0.0,116.0,160979.66,0,Y
357,Manager,Graduate,No,522,Spain,Urban,Divorced,Male,34,9,126436.29,1,1,1,0,1,3875,0.0,67.0,174248.52,1,N
358,AVP,Not Graduate,No,737,France,Urban,Married,Male,41,1,101960.74,1,1,1,1,0,3000,1666.0,100.0,123547.28,0,N
360,Manager,Graduate,No,706,Spain,Semiurban,Single,Male,28,3,0.0,0,2,0,1,1,4723,0.0,81.0,181543.67,0,N
361,Manager,Graduate,No,643,Germany,Semiurban,Divorced,Female,45,2,150842.93,0,1,0,1,2,5000,3667.0,236.0,2319.96,1,Y
362,Senior Manager,Graduate,No,648,France,Urban,Divorced,Female,50,9,102535.57,1,1,1,1,0,4750,2333.0,130.0,189543.19,0,Y
363,Manager,Graduate,No,443,Germany,Urban,Divorced,Female,29,9,99027.61,1,2,1,0,0,3013,3033.0,95.0,10940.4,0,Y
365,VP,Not Graduate,No,628,Spain,Rural,Single,Female,33,3,0.0,1,1,1,1,0,6216,0.0,133.0,188193.25,0,N
366,Manager,Graduate,No,540,Germany,Semiurban,Single,Female,42,9,87271.41,1,2,1,0,0,2500,0.0,96.0,172572.64,0,N
367,Executive,Graduate,No,460,Germany,Rural,Single,Female,35,8,102742.91,1,2,1,1,0,5124,0.0,124.0,189339.6,0,N
368,Executive,Graduate,No,636,Germany,Semiurban,Divorced,Male,34,2,40105.51,0,2,0,1,1,6325,0.0,175.0,53512.16,0,Y
373,Executive,Graduate,No,802,Germany,Urban,Single,Male,31,1,125013.72,1,1,1,1,1,3062,1987.0,111.0,187658.09,0,N
374,Executive,Graduate,No,717,Germany,Urban,Single,Male,35,7,58469.37,1,2,1,1,0,2764,1459.0,110.0,172459.39,0,Y
375,Executive,Graduate,No,769,France,Urban,Married,Female,39,8,0.0,0,1,0,1,0,4817,923.0,120.0,21016.0,0,Y
376,Senior Manager,Graduate,No,745,Germany,Rural,Divorced,Male,45,10,117231.63,1,3,1,1,3,8750,4996.0,130.0,122381.02,1,Y
377,Manager,Graduate,No,572,Spain,Semiurban,Divorced,Male,35,4,152390.26,1,1,1,0,0,4310,0.0,130.0,128123.66,0,Y
378,Manager,Graduate,No,629,Spain,Urban,Single,Female,30,2,34013.63,1,1,1,0,0,3069,0.0,71.0,19570.63,0,N
379,Manager,Graduate,No,687,Spain,Urban,Married,Female,39,2,0.0,0,3,0,0,2,5391,0.0,130.0,188150.6,1,Y
380,Manager,Graduate,No,483,France,Semiurban,Divorced,Female,50,9,0.0,1,2,1,1,0,3333,2500.0,128.0,111020.24,0,Y
382,Senior Manager,Graduate,No,492,Germany,Urban,Single,Female,30,10,77168.87,0,2,0,1,0,6000,0.0,156.0,146700.22,0,Y
383,Manager,Graduate,Yes,709,Germany,Urban,Single,Male,28,8,124695.72,1,2,1,0,0,7167,0.0,128.0,145251.35,0,Y
384,Manager,Graduate,No,705,Germany,Urban,Divorced,Male,44,3,105934.96,1,1,1,0,2,4566,0.0,100.0,82463.69,0,N
386,Executive,Not Graduate,No,611,Spain,Semiurban,Single,Male,46,6,0.0,1,2,1,0,0,2346,1600.0,132.0,45886.33,0,Y
388,Senior Manager,Graduate,No,709,Spain,Urban,Married,Female,45,2,0.0,0,2,0,1,0,2333,2417.0,136.0,162922.65,0,Y
389,Senior Manager,Graduate,No,544,France,Rural,Married,Female,21,10,161525.96,1,2,1,0,0,5488,0.0,125.0,9262.77,0,Y
392,Senior Manager,Graduate,No,648,Spain,Urban,Married,Male,46,9,127209.0,1,2,1,0,0,2583,2115.0,120.0,77405.95,1,Y
393,Manager,Not Graduate,No,556,Spain,Semiurban,Divorced,Male,38,8,0.0,0,2,0,0,2,1993,1625.0,113.0,417.41,1,Y
394,Manager,Graduate,No,594,Spain,Urban,Divorced,Female,24,0,97378.54,1,1,1,1,2,3100,1400.0,113.0,71405.17,0,Y
395,Executive,Graduate,No,645,Germany,Semiurban,Divorced,Female,37,2,136925.09,0,2,0,1,2,3276,484.0,135.0,153400.24,0,Y
396,Senior Manager,Graduate,No,557,France,Urban,Single,Male,33,3,54503.55,1,1,1,1,0,3180,0.0,71.0,371.05,0,N
397,Manager,Graduate,No,547,Germany,Urban,Divorced,Male,32,8,155726.85,1,1,1,0,0,3033,1459.0,95.0,67789.99,0,Y
398,Manager,Not Graduate,No,701,France,Rural,Single,Female,39,9,0.0,0,2,0,1,0,3902,1666.0,109.0,145894.9,0,Y
401,Manager,Not Graduate,No,593,Germany,Rural,Single,Female,38,4,129499.42,1,1,1,1,0,2755,0.0,65.0,154071.27,0,N
403,Executive,Not Graduate,No,443,Spain,Semiurban,Single,Male,36,6,70438.01,0,2,0,1,0,1963,0.0,53.0,56937.43,0,Y
404,Manager,Graduate,Yes,685,France,Rural,Single,Male,23,8,0.0,1,2,1,1,0,7441,0.0,194.0,112239.03,0,N
405,Executive,Graduate,No,718,France,Semiurban,Single,Male,36,9,0.0,1,1,1,0,0,4547,0.0,115.0,45909.87,0,Y
406,VP,Not Graduate,No,538,Spain,Urban,Married,Female,49,9,141434.04,0,1,0,0,0,2167,2400.0,115.0,173779.25,1,Y
407,Manager,Not Graduate,No,611,Spain,Rural,Single,Female,37,4,0.0,1,2,1,0,0,2213,0.0,66.0,125696.26,0,Y
408,Executive,Graduate,No,668,Germany,Semiurban,Divorced,Male,37,10,152958.29,1,2,1,1,1,8300,0.0,152.0,159585.61,0,N
410,Manager,Not Graduate,Yes,709,Spain,Semiurban,Single,Male,23,10,0.0,0,2,0,0,1,3867,0.0,62.0,129590.18,0,N
411,Executive,Graduate,No,850,France,Urban,Married,Male,38,1,0.0,1,2,1,1,0,6256,0.0,160.0,80006.65,0,Y
412,VP,Not Graduate,No,745,Spain,Rural,Divorced,Female,31,3,124328.84,1,1,1,1,0,6096,0.0,218.0,140451.52,0,N
413,Executive,Not Graduate,No,693,Germany,Rural,Divorced,Female,41,9,181461.48,1,3,1,1,0,2253,2033.0,110.0,187929.43,1,Y
414,Executive,Not Graduate,No,795,Spain,Semiurban,Married,Male,35,8,0.0,1,2,1,0,0,2149,3237.0,178.0,167155.36,0,N
415,Executive,Graduate,No,626,Spain,Urban,Single,Male,26,8,0.0,0,2,0,0,0,2995,0.0,60.0,191420.71,0,Y
417,Manager,Graduate,Yes,556,France,Urban,Divorced,Female,39,9,89588.35,1,1,1,1,2,1600,20000.0,239.0,94898.1,0,N
418,Executive,Graduate,No,643,France,Rural,Divorced,Female,46,6,0.0,0,2,0,0,0,1025,2773.0,112.0,106781.59,0,Y
419,Manager,Graduate,No,605,France,Semiurban,Divorced,Female,28,6,0.0,0,2,0,0,0,3246,1417.0,138.0,159508.52,0,Y
421,Executive,Not Graduate,No,586,France,Urban,Single,Female,38,2,0.0,1,2,1,0,0,2720,0.0,80.0,87168.46,0,N
422,Manager,Graduate,No,535,Germany,Urban,Married,Male,40,7,111756.5,1,1,1,0,0,1820,1719.0,100.0,8128.32,1,Y
423,Executive,Graduate,No,678,France,Urban,Divorced,Female,35,4,0.0,1,1,1,0,1,7250,1667.0,110.0,125518.32,0,N
425,Executive,Graduate,No,648,France,Rural,Divorced,Male,26,9,162923.85,1,1,1,0,0,2666,4300.0,121.0,98368.24,0,Y
426,Executive,Not Graduate,No,492,Germany,Rural,Single,Male,39,10,124576.65,1,2,1,0,1,4606,0.0,81.0,148584.61,0,N
427,Manager,Graduate,No,702,France,Semiurban,Married,Male,45,0,80793.58,1,1,1,1,2,5935,0.0,133.0,27474.81,0,Y
428,AVP,Graduate,No,486,Germany,Rural,Divorced,Female,40,9,71340.09,1,1,1,0,0,2920,16.12000084,87.0,76192.21,0,Y
429,Manager,Not Graduate,No,568,Germany,Urban,Single,Male,40,1,99282.63,0,1,0,0,0,2717,0.0,60.0,134600.94,1,Y
431,Manager,Graduate,No,724,Germany,Rural,Single,Male,41,2,127892.57,0,2,0,1,0,6500,0.0,105.0,199645.45,0,N
433,Executive,Graduate,No,545,Germany,Semiurban,Divorced,Female,37,8,114754.08,1,1,1,0,0,2425,2340.0,143.0,136050.44,1,Y
434,Senior Manager,Graduate,No,683,France,Urban,Single,Male,33,8,0.0,0,1,0,0,0,3750,0.0,100.0,73564.44,0,Y
436,Manager,Graduate,No,627,Germany,Semiurban,Single,Female,30,4,79871.02,1,2,1,0,0,1926,1851.0,50.0,129826.89,0,Y
437,Manager,Graduate,No,516,France,Urban,Married,Male,35,10,104088.59,0,2,0,0,0,2213,1125.0,146.41216216216216,119666.0,0,Y
439,Manager,Not Graduate,Yes,464,Germany,Rural,Divorced,Female,42,3,85679.25,1,1,1,1,0,7142,0.0,138.0,164104.74,0,Y
440,Executive,Graduate,No,626,France,Semiurban,Single,Female,35,3,0.0,0,1,0,0,0,3660,5064.0,187.0,80190.36,0,Y
441,Manager,Graduate,No,790,France,Rural,Divorced,Female,31,9,0.0,1,2,1,0,0,7901,1833.0,180.0,84126.75,0,Y
442,Senior Manager,Not Graduate,No,534,France,Semiurban,Single,Female,34,7,121551.58,1,2,1,1,3,4707,1993.0,148.0,70179.0,0,Y
444,Executive,Graduate,No,553,Spain,Rural,Divorced,Male,47,3,116528.15,0,1,0,0,0,7333,8333.0,175.0,145704.19,1,Y
445,Manager,Graduate,Yes,748,France,Rural,Divorced,Female,26,1,77780.29,0,1,0,1,1,3466,1210.0,130.0,183049.41,0,Y
446,Executive,Not Graduate,No,722,France,Rural,Married,Male,37,2,0.0,0,1,0,0,2,4652,0.0,110.0,120906.83,0,Y
447,VP,Graduate,No,501,France,Rural,Divorced,Male,40,4,125832.2,1,1,1,1,0,3539,1376.0,55.0,100433.83,0,N
448,Executive,Graduate,No,675,France,Rural,Divorced,Female,38,6,68065.8,0,1,0,0,2,3340,1710.0,150.0,138777.0,1,N
449,Manager,Not Graduate,Yes,778,Spain,Semiurban,Single,Female,47,6,127299.34,1,2,1,0,1,2769,1542.0,190.0,124694.99,0,N
450,Manager,Not Graduate,No,494,Germany,Rural,Married,Female,38,7,174937.64,1,1,1,0,2,2309,1255.0,125.0,40084.32,0,N
451,Manager,Not Graduate,No,850,France,Urban,Divorced,Male,40,9,0.0,0,2,0,1,2,1958,1456.0,60.0,119232.33,0,Y
452,Executive,Graduate,No,592,Spain,Rural,Married,Male,31,7,110071.1,0,1,0,0,0,3948,1733.0,149.0,43921.36,0,N
453,Manager,Graduate,No,590,Spain,Rural,Divorced,Female,44,3,139432.37,1,1,1,0,0,2483,2466.0,90.0,62222.81,0,Y
454,Manager,Graduate,Yes,758,France,Semiurban,Single,Female,39,6,127357.76,0,1,0,1,0,7085,0.0,84.0,56577.0,0,Y
455,Executive,Graduate,No,506,France,Semiurban,Married,Male,36,5,0.0,1,2,1,0,2,3859,0.0,96.0,164253.35,0,Y
456,Manager,Graduate,No,733,France,Urban,Divorced,Male,33,3,0.0,1,1,1,1,0,4301,0.0,118.0,7666.73,0,Y
457,Executive,Graduate,No,711,France,Urban,Married,Male,38,3,0.0,1,2,1,0,0,3708,2569.0,173.0,68487.51,0,N
458,Executive,Graduate,No,514,Germany,Rural,Single,Male,43,1,95556.31,0,1,0,1,2,4354,0.0,136.0,199273.98,1,Y
459,Senior Manager,Graduate,No,637,Spain,Semiurban,Divorced,Male,37,8,0.0,1,1,1,1,0,8334,0.0,160.0,186062.36,0,N
460,Manager,Graduate,Yes,468,Germany,Semiurban,Divorced,Male,29,1,111681.98,1,2,1,1,0,2083,4083.0,160.0,195711.16,0,Y
461,Manager,Graduate,No,539,France,Urban,Married,Male,39,3,0.0,1,2,1,0,3,7740,0.0,128.0,36692.17,0,Y
462,Manager,Graduate,No,509,Spain,Rural,Divorced,Female,25,3,108738.71,1,2,1,0,0,3015,2188.0,153.0,106920.57,0,Y
463,Senior Manager,Not Graduate,No,662,France,Semiurban,Single,Female,32,4,133950.37,1,1,1,1,1,5191,0.0,132.0,48725.68,1,Y
464,Executive,Graduate,No,818,Spain,Semiurban,Single,Male,26,4,0.0,1,2,1,1,0,4166,0.0,98.0,167036.94,0,N
465,VP,Graduate,No,608,France,Rural,Single,Male,33,9,89968.69,1,1,1,0,0,6000,0.0,140.0,68777.26,0,Y
466,Senior Manager,Not Graduate,No,850,Spain,Urban,Divorced,Female,32,9,0.0,1,2,1,1,3,2947,1664.0,70.0,18924.92,0,N
468,Executive,Not Graduate,No,536,France,Semiurban,Divorced,Male,35,8,0.0,1,2,1,0,2,210,2917.0,98.0,64833.28,0,Y
469,Executive,Graduate,No,753,France,Urban,Divorced,Male,35,3,0.0,1,2,1,1,0,4333,2451.0,110.0,184843.77,0,N
470,Manager,Graduate,Yes,631,Spain,Semiurban,Divorced,Male,27,10,134169.62,1,1,1,1,1,3450,2079.0,162.0,176730.02,0,Y
471,Executive,Not Graduate,No,703,France,Rural,Married,Male,37,1,149762.08,1,1,1,0,1,2653,1500.0,113.0,20629.4,1,N
472,Executive,Graduate,No,774,France,Semiurban,Married,Male,26,2,93844.69,1,1,1,0,3,4691,0.0,100.0,28415.36,0,Y
473,Manager,Graduate,Yes,785,France,Urban,Single,Male,28,8,0.0,1,2,1,0,0,2500,0.0,93.0,77231.27,0,Y
474,Senior Manager,Graduate,No,571,France,Rural,Single,Female,33,1,0.0,1,2,1,0,2,5532,4648.0,162.0,102750.7,0,Y
476,Manager,Graduate,No,605,Germany,Semiurban,Married,Female,31,1,117992.59,1,1,1,1,2,6700,1750.0,230.0,183598.77,0,Y
477,Executive,Graduate,No,611,France,Semiurban,Married,Female,40,8,100812.33,1,2,1,0,2,2873,1872.0,132.0,147358.27,0,N
479,Manager,Graduate,No,658,France,Urban,Divorced,Male,29,4,80262.6,1,1,1,1,2,2947,1603.0,146.41216216216216,20612.82,0,N
480,Manager,Not Graduate,No,788,Spain,Rural,Single,Male,34,6,156478.62,0,1,0,1,0,4350,0.0,154.0,181196.76,0,Y
481,Executive,Not Graduate,No,525,France,Rural,Divorced,Female,23,5,0.0,1,2,1,0,3,3095,0.0,113.0,160249.1,0,Y
482,Executive,Graduate,No,798,France,Semiurban,Married,Male,37,8,0.0,0,3,0,0,0,2083,3150.0,128.0,110783.28,0,Y
485,Manager,Not Graduate,No,730,France,Rural,Divorced,Female,35,0,155470.55,1,1,1,1,1,1958,2436.0,131.0,53718.28,0,Y
486,Executive,Graduate,No,641,France,Rural,Single,Male,37,7,0.0,1,2,1,0,2,3547,0.0,80.0,75248.3,0,N
488,Manager,Graduate,Yes,692,France,Semiurban,Divorced,Male,30,2,0.0,0,2,0,1,2,4583,2083.0,160.0,130486.57,0,Y
490,Executive,Not Graduate,No,591,Spain,Semiurban,Single,Male,29,1,97541.24,1,1,1,1,0,2699,2785.0,96.0,196356.17,0,Y
491,Manager,Not Graduate,No,710,France,Urban,Married,Female,41,2,156067.05,1,1,1,1,1,5333,1131.0,186.0,9983.88,0,Y
492,Executive,Not Graduate,No,639,France,Rural,Single,Female,38,4,81550.94,0,2,0,1,0,3691,0.0,110.0,118974.77,0,Y
494,Senior Manager,Graduate,No,673,France,Rural,Divorced,Female,38,2,170061.92,0,2,0,0,0,3597,2157.0,119.0,134901.34,1,N
495,Senior Manager,Graduate,No,765,Germany,Semiurban,Divorced,Male,36,8,92310.54,1,2,1,1,1,3326,913.0,105.0,72924.56,0,Y
496,Manager,Not Graduate,No,622,France,Rural,Divorced,Female,32,6,169089.38,1,2,1,0,0,2600,1700.0,107.0,101057.95,0,Y
497,Senior Manager,Graduate,No,806,France,Urban,Divorced,Male,40,5,80613.93,1,1,1,1,0,4625,2857.0,111.0,142838.64,0,Y
498,Manager,Graduate,Yes,757,Germany,Semiurban,Divorced,Male,26,8,121581.56,1,2,1,1,1,2895,0.0,95.0,127059.04,0,Y
500,Executive,Graduate,No,555,Spain,Rural,Single,Male,32,4,0.0,1,2,1,1,0,645,3683.0,113.0,54405.79,0,Y
503,Manager,Not Graduate,No,638,Spain,Rural,Divorced,Male,44,9,77637.35,1,2,1,1,1,4050,5302.0,138.0,111346.22,0,N
504,Senior Manager,Not Graduate,No,543,Spain,Semiurban,Divorced,Female,41,4,0.0,0,1,0,0,0,3814,1483.0,124.0,194902.16,0,Y
505,VP,Graduate,No,584,France,Rural,Married,Male,31,5,0.0,1,2,1,0,2,3510,4416.0,243.0,31474.27,0,Y
507,Executive,Graduate,No,684,Germany,Urban,Single,Female,40,6,137326.65,1,1,1,0,0,3583,0.0,96.0,186976.6,0,N
508,Manager,Graduate,Yes,733,France,Urban,Married,Male,22,5,0.0,1,2,1,1,0,2479,3013.0,188.0,117202.19,0,Y
510,Executive,Not Graduate,No,524,Germany,Rural,Single,Female,31,10,67238.98,1,2,1,1,0,3598,1287.0,100.0,161811.23,0,N
511,Senior Manager,Graduate,No,632,Germany,Semiurban,Divorced,Female,38,6,86569.76,1,2,1,0,1,6065,2004.0,250.0,98090.91,0,Y
512,Senior Manager,Graduate,No,735,Spain,Urban,Divorced,Male,34,5,0.0,0,2,0,0,2,3283,2035.0,148.0,71095.41,0,Y
513,Executive,Graduate,No,734,France,Semiurban,Married,Male,34,6,133598.4,1,1,1,1,0,2130,6666.0,70.0,13107.24,0,N
515,AVP,Graduate,No,793,Spain,Rural,Married,Male,38,9,0.0,1,2,1,0,3,3466,3428.0,150.0,88225.02,0,Y
517,Executive,Not Graduate,No,779,Germany,Semiurban,Married,Male,37,7,120092.52,1,2,1,0,0,3074,1800.0,123.0,135925.72,0,N
518,Executive,Graduate,No,698,France,Semiurban,Single,Male,48,4,101238.24,0,2,0,1,0,4683,1915.0,185.0,177815.87,1,N
520,Executive,Not Graduate,No,850,France,Semiurban,Married,Female,35,1,211774.31,1,1,1,0,2,2192,1742.0,45.0,188574.12,1,Y
522,Manager,Graduate,Yes,527,Spain,Rural,Divorced,Male,37,5,93722.73,1,2,1,1,3,5677,1424.0,100.0,139093.73,0,Y
524,Manager,Graduate,No,661,France,Semiurban,Single,Male,48,3,120320.54,0,1,0,0,0,4680,2087.0,146.41216216216216,96463.25,0,N
526,Manager,Graduate,No,701,France,Semiurban,Divorced,Male,43,2,0.0,1,2,1,1,0,3775,0.0,110.0,165303.79,0,Y
527,AVP,Not Graduate,No,610,France,Semiurban,Married,Male,26,8,0.0,1,2,1,0,1,5285,1430.0,161.0,166031.08,0,Y
528,Executive,Not Graduate,No,572,Germany,Semiurban,Single,Female,48,3,152827.99,1,1,1,0,1,2679,1302.0,94.0,38411.79,1,Y
529,VP,Not Graduate,No,673,France,Semiurban,Single,Male,30,1,64097.75,1,1,1,1,0,6783,0.0,130.0,77783.35,0,Y
531,Manager,Graduate,No,702,Spain,Urban,Divorced,Female,26,4,135219.57,0,1,0,1,3,4281,0.0,100.0,59747.63,0,Y
532,VP,Graduate,No,729,France,Rural,Single,Male,32,6,93694.42,1,1,1,1,2,3588,0.0,110.0,79919.13,0,N
537,Executive,Graduate,No,686,Spain,Semiurban,Single,Male,34,9,0.0,1,2,1,0,2,3617,0.0,107.0,127569.8,0,Y
539,Manager,Graduate,No,745,Germany,Rural,Divorced,Female,28,1,111071.36,1,1,1,0,3,6417,0.0,157.0,73275.96,1,Y
540,Manager,Graduate,No,833,France,Semiurban,Married,Male,37,8,151226.18,1,2,1,1,1,4608,2845.0,140.0,136129.49,0,Y
541,Manager,Graduate,No,622,France,Semiurban,Single,Male,26,9,0.0,1,2,1,1,0,2138,0.0,99.0,153237.59,0,N
542,Executive,Graduate,No,597,France,Semiurban,Single,Female,42,4,64740.12,1,1,1,1,1,3652,0.0,95.0,106841.12,0,Y
543,Executive,Not Graduate,No,721,Spain,Urban,Divorced,Male,51,0,169312.13,1,1,1,0,1,2239,2524.0,128.0,109078.35,1,Y
544,Manager,Not Graduate,No,504,France,Semiurban,Married,Female,49,7,0.0,0,3,0,1,0,3017,663.0,102.0,87822.14,1,Y
545,AVP,Graduate,No,842,Spain,Rural,Divorced,Female,44,2,112652.08,1,2,1,0,0,2768,1950.0,155.0,126644.98,0,Y
546,AVP,Not Graduate,No,587,France,Semiurban,Single,Male,38,0,0.0,1,2,1,0,0,3358,0.0,80.0,47414.15,0,N
547,Executive,Graduate,No,479,Germany,Rural,Single,Female,30,7,143964.36,1,2,1,0,0,2526,1783.0,145.0,41879.99,0,Y
548,Manager,Graduate,No,508,France,Semiurban,Single,Male,49,7,122451.46,1,2,1,1,0,5000,0.0,103.0,75808.1,0,N
549,Executive,Graduate,No,749,France,Rural,Divorced,Male,24,1,0.0,1,3,1,1,0,2785,2016.0,110.0,47911.03,0,Y
550,Manager,Graduate,Yes,721,Germany,Rural,Divorced,Female,36,3,65253.07,1,2,1,0,2,6633,0.0,146.41216216216216,28737.78,0,N
551,Manager,Not Graduate,No,674,Germany,Rural,Married,Male,47,6,106901.94,1,1,1,1,1,2492,2375.0,146.41216216216216,2079.2,1,Y
552,Executive,Graduate,No,685,Spain,Urban,Divorced,Female,25,10,128509.63,1,1,1,0,1,3333,3250.0,158.0,121562.33,0,Y
553,Manager,Not Graduate,No,417,France,Urban,Married,Male,34,7,0.0,1,2,1,0,0,2454,2333.0,181.0,55003.79,0,N
554,Manager,Graduate,No,574,Germany,Rural,Divorced,Male,33,3,129834.67,1,1,1,0,0,3593,4266.0,132.0,193131.42,0,N
555,VP,Graduate,No,590,Spain,Semiurban,Divorced,Female,51,3,154962.99,0,3,0,1,1,5468,1032.0,26.0,191932.27,1,Y
556,Manager,Graduate,No,587,Germany,Urban,Single,Male,40,5,138241.9,1,2,1,0,0,2667,1625.0,84.0,159418.1,0,Y
560,Manager,Not Graduate,No,584,Germany,Semiurban,Married,Female,29,7,105204.01,0,1,0,1,2,3675,242.0,108.0,138490.03,0,Y
562,Executive,Graduate,No,607,Spain,Rural,Divorced,Male,36,8,158261.68,1,1,1,1,0,5923,2054.0,211.0,76744.72,0,Y
563,Manager,Not Graduate,Yes,509,France,Semiurban,Single,Female,46,1,0.0,1,1,1,0,0,5800,0.0,132.0,71244.59,1,Y
565,Manager,Not Graduate,No,543,France,Rural,Divorced,Male,36,4,0.0,1,2,1,1,0,4467,0.0,120.0,141210.5,0,Y
568,Manager,Graduate,No,737,Germany,Urban,Single,Male,31,5,121192.22,1,2,1,1,0,2378,0.0,9.0,74890.58,0,N
569,Manager,Graduate,No,761,France,Urban,Married,Male,31,7,0.0,1,3,1,1,0,3166,2064.0,104.0,166698.18,0,N
570,Executive,Graduate,No,601,France,Urban,Married,Male,44,1,100486.18,1,2,1,1,1,3417,1750.0,186.0,62678.53,0,Y
571,Executive,Graduate,No,651,France,Urban,Divorced,Male,45,1,0.0,1,1,1,0,0,5116,1451.0,165.0,67740.08,1,N
573,Manager,Not Graduate,No,648,Spain,Semiurban,Divorced,Female,49,10,0.0,1,2,1,1,2,6125,1625.0,187.0,159835.78,1,N
574,Manager,Graduate,No,848,Spain,Semiurban,Divorced,Male,40,3,110929.96,1,1,1,1,3,6406,0.0,150.0,30876.84,0,N
575,VP,Graduate,No,546,France,Urban,Married,Female,27,8,0.0,1,2,1,1,2,3159,461.0,108.0,14858.1,0,Y
576,Executive,Graduate,No,439,Spain,Semiurban,Married,Female,32,3,138901.61,1,1,1,0,0,3087,2210.0,136.0,75685.97,0,N
577,Manager,Graduate,No,755,France,Urban,Single,Male,30,4,123217.66,0,2,0,1,0,3229,2739.0,110.0,144183.1,0,Y
578,Executive,Graduate,No,593,France,Rural,Divorced,Female,41,6,0.0,1,1,1,0,1,1782,2232.0,107.0,65170.66,0,Y
579,Executive,Graduate,No,701,France,Urban,Single,Male,39,2,0.0,1,2,1,1,0,3182,2917.0,161.0,82526.92,0,Y
580,Manager,Graduate,No,701,Spain,Semiurban,Divorced,Male,36,8,0.0,1,2,1,0,2,6540,0.0,205.0,169161.46,0,Y
581,Manager,Graduate,No,607,Spain,Urban,Single,Female,33,2,108431.87,0,2,0,1,0,1836,33837.0,90.0,109291.39,1,N
583,Executive,Graduate,No,547,Germany,Rural,Divorced,Female,30,9,72392.41,1,1,1,0,1,1880,0.0,61.0,77077.14,0,N
584,Senior Manager,Graduate,No,647,Germany,Rural,Divorced,Female,51,1,119741.77,0,2,0,0,1,2787,1917.0,146.0,54954.51,1,N
585,Manager,Graduate,No,760,France,Rural,Divorced,Female,51,2,100946.71,0,1,0,0,1,4283,3000.0,172.0,179614.8,1,N
587,Manager,Not Graduate,No,725,France,Semiurban,Single,Male,44,5,0.0,1,1,1,1,0,2165,0.0,70.0,117356.14,0,Y
588,Senior Manager,Graduate,No,526,France,Semiurban,Single,Male,36,1,0.0,1,1,1,0,0,4750,0.0,94.0,160696.72,0,Y
589,Manager,Graduate,Yes,519,Spain,Semiurban,Divorced,Female,47,6,157296.02,0,2,0,0,2,2726,0.0,106.0,147278.43,1,N
590,Executive,Graduate,No,713,Germany,Semiurban,Married,Female,38,7,144606.22,1,1,1,1,0,3000,3416.0,56.0,56594.36,1,Y
591,Manager,Graduate,Yes,700,France,Semiurban,Divorced,Male,38,8,134811.3,1,1,1,0,2,6000,0.0,205.0,1299.75,0,N
593,Executive,Graduate,No,630,Spain,Rural,Married,Male,32,4,82034.0,0,1,0,0,0,3859,3300.0,142.0,146326.45,0,Y
595,Executive,Not Graduate,No,611,Germany,Rural,Single,Female,41,2,114206.84,1,1,1,0,0,3833,0.0,110.0,164061.6,0,Y
596,Manager,Not Graduate,Yes,685,Spain,Rural,Divorced,Male,43,9,0.0,1,2,1,0,2,6383,1000.0,187.0,107811.28,0,N
597,Manager,Graduate,No,646,Germany,Semiurban,Single,Male,39,9,111574.41,1,1,1,1,0,2987,0.0,88.0,30838.51,0,N
599,Manager,Graduate,No,484,Germany,Urban,Divorced,Female,34,4,148249.54,0,1,0,1,2,5780,0.0,192.0,33738.27,0,Y
601,Manager,Not Graduate,No,762,Spain,Rural,Married,Female,26,7,123709.46,1,2,1,1,0,2894,2792.0,155.0,169654.57,0,Y
603,Senior Manager,Graduate,No,566,France,Rural,Single,Male,30,5,0.0,1,1,1,0,0,3676,4301.0,172.0,54926.51,1,Y
605,Manager,Not Graduate,No,601,France,Urban,Married,Male,29,9,0.0,1,1,1,1,0,2400,3800.0,146.41216216216216,80393.27,0,N
607,Executive,Not Graduate,No,584,France,Rural,Married,Male,28,10,0.0,1,2,1,0,2,3987,1411.0,157.0,19834.32,0,Y
608,Senior Manager,Graduate,No,699,France,Rural,Married,Male,35,5,0.0,1,2,1,1,0,3232,1950.0,108.0,78397.24,0,Y
609,Senior Manager,Graduate,No,698,Germany,Rural,Single,Female,51,2,111018.98,1,1,1,0,0,2900,0.0,71.0,86410.28,0,Y
610,Manager,Graduate,No,495,France,Rural,Married,Male,30,10,129755.99,0,1,0,0,3,4106,0.0,40.0,172749.65,0,Y
611,AVP,Graduate,No,650,France,Urban,Married,Female,27,6,0.0,1,2,1,0,1,8072,240.0,253.0,1002.39,0,Y
613,Manager,Graduate,Yes,667,Spain,Semiurban,Single,Male,38,1,87202.38,1,1,1,1,0,4583,0.0,133.0,77866.91,0,N
