RowNumber,Loan_ID,CustomerId,Surname,Designation,Education,Self_Employed,CreditScore,Credit_History,Geography,Property_Area,Married,Gender,Age,Tenure,Balance,HasCar,NumOfProducts,HasCrCard,IsActiveMember,Dependents,ApplicantIncome,CoapplicantIncome,LoanAmount,EstimatedSalary,Exited,Loan_Status
1,LP001002,15634602,Hargrave,Ma nager,Graduate,No,619,1.0,France,Urban,No,Female,42,2,0.0,1,1,1,1,0,5849,0.0,,101348.88,1,Y
2,LP001003,15647311,Hill,Senior Manager,Graduate,No,608,1.0,Spain,Rural,Divorced,Female,41,1,83807.86,0,1,0,1,1,4583,1508.0,128.0,112542.58,0,N
3,LP001005,15619304,Onio,Manager,Graduate,Yes,502,1.0,France,Urban,Divorced,Female,42,8,159660.8,1,3,1,0,0,3000,0.0,66.0,113931.57,1,Y
4,LP001006,15701354,Boni,Senior Manager,Not Graduate,No,699,1.0,France,Urban,Divorced,Female,39,1,0.0,0,2,0,0,0,2583,2358.0,120.0,93826.63,0,Y
5,LP001008,15737888,Mitchell,Manager,Graduate,No,850,1.0,Spain,Urban,No,Female,43,2,125510.82,1,1,1,1,0,6000,0.0,141.0,79084.1,0,Y
6,LP001011,15574012,Chu,Manager,Graduate,Yes,645,1.0,Spain,Urban,Divorced,Male,44,8,113755.78,1,2,1,0,2,5417,4196.0,267.0,149756.71,1,Y
7,LP001013,15592531,Bartlett,Executive,Not Graduate,No,822,1.0,France,Urban,Married,Male,50,7,0.0,1,2,1,1,0,2333,1516.0,95.0,10062.8,0,Y
8,LP001014,15656148,Obinna,Senior Manager,Graduate,No,376,0.0,Germany,Semiurban,Divorced,Female,29,4,115046.74,1,4,1,0,3+,3036,2504.0,158.0,119346.88,1,N
9,LP001018,15792365,He,Manager,Graduate,No,501,1.0,France,Urban,Divorced,Male,44,4,142051.07,0,2,0,1,2,4006,1526.0,168.0,74940.5,0,Y
10,LP001020,15592389,H?,Manager,Graduate,No,684,1.0,France,Semiurban,Married,Male,27,2,134603.88,1,1,1,1,1,12841,10968.0,349.0,71725.73,0,N
11,LP001024,15767821,Bearce,Executive,Graduate,No,528,1.0,France,Urban,Married,Male,31,6,102016.72,0,2,0,0,2,3200,700.0,70.0,80181.12,0,Y
12,LP001027,15737173,Andrews,Senior Manager,Graduate,No,497,1.0,Spain,Urban,Married,Male,24,3,0.0,1,2,1,0,2,2500,1840.0,109.0,76390.01,0,Y
13,LP001028,15632264,Kay,Senior Manager,Graduate,No,476,1.0,France,Urban,Married,Female,34,10,0.0,1,2,1,0,2,3073,8106.0,200.0,26260.98,0,Y
14,LP001029,15691483,Chin,Executive,Graduate,No,549,1.0,France,Rural,No,Female,25,5,0.0,0,2,0,0,0,1853,2840.0,114.0,190857.79,0,N
15,LP001030,15600882,Scott,Manager,Graduate,No,635,1.0,Spain,Urban,Married,Female,35,7,0.0,1,2,1,1,2,1299,1086.0,17.0,65951.65,0,Y
16,LP001032,15643966,Goforth,Executive,Graduate,No,616,1.0,Germany,Urban,No,Male,45,3,143129.41,0,2,0,1,0,4950,0.0,125.0,64327.26,0,Y
17,LP001034,15737452,Romeo,Executive,Not Graduate,No,653,,Germany,Urban,No,Male,58,1,132602.88,1,1,1,0,1,3596,0.0,100.0,5097.67,1,Y
18,LP001036,15788218,Henderson,Executive,Graduate,No,549,0.0,Spain,Urban,No,Female,24,9,0.0,1,2,1,1,0,3510,0.0,76.0,14406.41,0,N
19,LP001038,15661507,Muldrow,Executive,Not Graduate,No,587,1.0,Spain,Rural,Divorced,Male,45,6,0.0,0,1,0,0,0,4887,0.0,133.0,158684.81,0,N
20,LP001041,15568982,Hao,Executive,Graduate,No,726,1.0,France,Urban,Married,Female,24,6,0.0,1,2,1,1,0,2600,3500.0,115.0,54724.03,0,Y
21,LP001043,15577657,McDonald,Senior Manager,Not Graduate,No,732,0.0,France,Urban,Married,Male,41,8,0.0,1,2,1,1,0,7660,0.0,104.0,170886.17,0,N
22,LP001046,15597945,Dellucci,Senior Manager,Graduate,No,636,1.0,Spain,Urban,Divorced,Female,32,8,0.0,1,2,1,0,1,5955,5625.0,315.0,138555.46,0,Y
23,LP001047,15699309,Gerasimov,Executive,Not Graduate,No,510,0.0,Spain,Semiurban,Divorced,Female,38,4,0.0,1,1,1,0,0,2600,1911.0,116.0,118913.53,1,N
24,LP001050,15725737,Mosman,Executive,Not Graduate,No,669,0.0,France,Rural,Divorced,Male,46,3,0.0,0,2,0,1,2,3365,1917.0,112.0,8487.75,0,N
25,LP001052,15625047,Yen,VP,Graduate,No,846,,France,Semiurban,Divorced,Female,38,5,0.0,1,1,1,1,1,3717,2925.0,151.0,187616.16,0,N
26,LP001066,15738191,Maclean,Manager,Graduate,Yes,577,1.0,France,Semiurban,Divorced,Male,25,3,0.0,0,2,0,1,0,9560,0.0,191.0,124508.29,0,Y
27,LP001068,15736816,Young,VP,Graduate,No,756,1.0,Germany,Semiurban,Married,Male,36,2,136815.64,1,1,1,1,0,2799,2253.0,122.0,170041.95,0,Y
28,LP001073,15700772,Nebechi,Executive,Not Graduate,No,571,1.0,France,Urban,Divorced,Male,44,9,0.0,0,2,0,0,2,4226,1040.0,110.0,38433.35,0,Y
29,LP001086,15728693,McWilliams,Executive,Not Graduate,No,574,1.0,Germany,Urban,No,Female,43,3,141349.43,1,1,1,1,0,1442,0.0,35.0,100187.43,0,N
30,LP001087,15656300,Lucciano,Executive,Graduate,,411,1.0,France,Semiurban,No,Male,29,0,59697.17,1,2,1,1,2,3750,2083.0,120.0,53483.21,0,Y
31,LP001091,15589475,Azikiwe,Assistant Vice President,Graduate,,591,,Spain,Urban,Divorced,Female,39,3,0.0,1,3,1,0,1,4166,3369.0,201.0,140469.38,1,N
32,LP001095,15706552,Odinakachukwu,Senior Manager,Graduate,No,533,1.0,France,Urban,No,Male,36,7,85311.7,0,1,0,1,0,3167,0.0,74.0,156731.91,0,N
33,LP001097,15750181,Sanderson,Manager,Graduate,Yes,553,1.0,Germany,Rural,No,Male,41,9,110112.54,0,2,0,0,1,4692,0.0,106.0,81898.81,0,N
34,LP001098,15659428,Maggard,Executive,Graduate,No,520,1.0,Spain,Semiurban,Divorced,Female,42,6,0.0,1,2,1,1,0,3500,1667.0,114.0,34410.55,0,Y
35,LP001100,15732963,Clements,Executive,Graduate,No,722,1.0,Spain,Rural,No,Female,29,9,0.0,1,2,1,1,3+,12500,3000.0,320.0,142033.07,0,N
36,LP001106,15794171,Lombardo,VP,Graduate,No,475,1.0,France,Urban,Divorced,Female,45,0,134264.04,1,1,1,0,0,2275,2067.0,,27822.99,1,Y
37,LP001109,15788448,Watson,Executive,Graduate,No,490,0.0,Spain,Urban,Married,Male,31,3,145260.23,0,1,0,1,0,1828,1330.0,100.0,114066.77,0,N
38,LP001112,15729599,Lorenzo,Executive,Graduate,No,804,1.0,Spain,Semiurban,Married,Male,33,7,76548.6,0,1,0,1,0,3667,1459.0,144.0,98453.45,0,Y
39,LP001114,15717426,Armstrong,Manager,Graduate,No,850,1.0,France,Urban,No,Male,36,7,0.0,1,1,1,1,0,4166,7210.0,184.0,40812.9,0,Y
40,LP001116,15585768,Cameron,Executive,Not Graduate,No,582,1.0,Germany,Semiurban,No,Male,41,6,70349.48,0,2,0,1,0,3748,1668.0,110.0,178074.04,0,Y
41,LP001119,15619360,Hsiao,Executive,Graduate,No,472,1.0,Spain,Urban,No,Male,40,4,0.0,1,1,1,0,0,3600,0.0,80.0,70154.22,0,N
42,LP001120,15738148,Clarke,Executive,Graduate,No,465,1.0,France,Urban,No,Female,51,8,122522.32,0,1,0,0,0,1800,1213.0,47.0,181297.65,1,Y
43,LP001123,15687946,Osborne,Executive,Graduate,No,556,,France,Urban,Divorced,Female,61,2,117419.35,1,1,1,1,0,2400,0.0,75.0,94153.83,0,Y
44,LP001131,15755196,Lavine,Manager,Graduate,No,834,1.0,France,Semiurban,Divorced,Female,49,2,131394.56,0,1,0,0,0,3941,2336.0,134.0,194365.76,1,Y
45,LP001136,15684171,Bianchi,Manager,Not Graduate,Yes,660,1.0,Spain,Urban,Divorced,Female,61,5,155931.11,1,1,1,1,0,4695,0.0,96.0,158338.39,0,Y
46,LP001137,15754849,Tyler,Senior Manager,Graduate,No,776,1.0,Germany,Urban,No,Female,32,4,109421.13,1,2,1,1,0,3410,0.0,88.0,126517.46,0,Y
47,LP001138,15602280,Martin,Manager,Graduate,No,829,1.0,Germany,Urban,Married,Female,27,9,112045.67,1,1,1,1,1,5649,0.0,44.0,119708.21,1,Y
48,LP001144,15771573,Okagbue,VP,Graduate,No,637,1.0,Germany,Urban,Divorced,Female,39,9,137843.8,1,1,1,1,0,5821,0.0,144.0,117622.8,1,Y
49,LP001146,15766205,Yin,Senior Manager,Graduate,No,550,0.0,Germany,Urban,Divorced,Male,38,2,103391.38,0,1,0,1,0,2645,3440.0,120.0,90878.13,0,N
50,LP001151,15771873,Buccho,Executive,Graduate,No,776,1.0,Germany,Semiurban,No,Female,37,2,103769.22,1,2,1,0,0,4000,2275.0,144.0,194099.12,0,Y
51,LP001155,15616550,Chidiebele,Executive,Not Graduate,No,698,1.0,Germany,Semiurban,Divorced,Male,44,10,116363.37,1,2,1,0,0,1928,1644.0,100.0,198059.16,0,Y
52,LP001157,15768193,Trevisani,Executive,Graduate,No,585,1.0,Germany,Semiurban,No,Male,36,5,146050.97,0,2,0,0,0,3086,0.0,120.0,86424.57,0,Y
53,LP001164,15683553,O'Brien,AVP,Graduate,No,788,1.0,France,Semiurban,No,Female,33,5,0.0,0,2,0,0,0,4230,0.0,112.0,116978.19,0,N
54,LP001179,15702298,Parkhill,Manager,Graduate,No,655,1.0,Germany,Urban,Divorced,Male,41,8,125561.97,0,1,0,0,2,4616,0.0,134.0,164040.94,1,N
55,LP001186,15569590,Yoo,Manager,Graduate,Yes,601,0.0,Germany,Urban,Married,Male,42,1,98495.72,1,1,1,0,1,11500,0.0,286.0,40014.76,1,N
56,LP001194,15760861,Phillipps,Ma nager,Graduate,No,619,1.0,France,Semiurban,Married,Male,43,1,125211.92,1,1,1,1,2,2708,1167.0,97.0,113410.49,0,Y
57,LP001195,15630053,Tsao,Senior Manager,Graduate,No,656,1.0,France,Semiurban,Divorced,Male,45,5,127864.4,1,1,1,0,0,2132,1591.0,96.0,87107.57,0,Y
58,LP001197,15647091,Endrizzi,Senior Manager,Graduate,No,725,1.0,Germany,Rural,Married,Male,19,0,75888.2,0,1,0,0,0,3366,2200.0,135.0,45613.75,0,N
59,LP001198,15623944,T'ien,Executive,Graduate,No,511,1.0,Spain,Urban,Married,Female,66,4,0.0,1,1,1,0,1,8080,2250.0,180.0,1643.11,1,Y
60,LP001199,15804771,Velazquez,Manager,Not Graduate,No,614,1.0,France,Urban,Married,Male,51,4,40685.92,1,1,1,1,2,3357,2859.0,144.0,46775.28,0,Y
61,LP001205,15651280,Hunter,Manager,Graduate,No,742,1.0,Germany,Urban,Married,Male,35,5,136857.0,0,1,0,0,0,2500,3796.0,120.0,84509.57,0,Y
62,LP001206,15773469,Clark,Manager,Graduate,No,687,1.0,Germany,Urban,Divorced,Female,27,9,152328.88,0,2,0,0,3+,3029,0.0,99.0,126494.82,0,Y
63,LP001207,15702014,Jeffrey,Manager,Not Graduate,Yes,555,0.0,Spain,Rural,Divorced,Male,33,1,56084.69,0,2,0,0,0,2609,3449.0,165.0,178798.13,0,N
64,LP001213,15751208,Pirozzi,VP,Graduate,No,684,0.0,Spain,Rural,Divorced,Male,56,8,78707.16,1,1,1,1,1,4945,0.0,,99398.36,0,N
65,LP001222,15592461,Jackson,Executive,Graduate,No,603,0.0,Germany,Semiurban,No,Male,26,4,109166.37,1,1,1,1,0,4166,0.0,116.0,92840.67,0,N
66,LP001225,15789484,Hammond,Executive,Graduate,No,751,1.0,Germany,Semiurban,Divorced,Female,36,6,169831.46,1,2,1,1,0,5726,4595.0,258.0,27758.36,0,N
67,LP001228,15696061,Brownless,Manager,Not Graduate,No,581,0.0,Germany,Urban,No,Female,34,1,101633.04,1,1,1,0,0,3200,2254.0,126.0,110431.51,0,N
68,LP001233,15641582,Chibugo,Executive,Graduate,No,735,1.0,Germany,Urban,Divorced,Male,43,10,123180.01,1,2,1,1,1,10750,0.0,312.0,196673.28,0,Y
69,LP001238,15638424,Glauert,Manager,Not Graduate,Yes,661,1.0,Germany,Urban,Divorced,Female,35,5,150725.53,0,2,0,1,3+,7100,0.0,125.0,113656.85,0,Y
70,LP001241,15755648,Pisano,Manager,Graduate,No,675,0.0,France,Semiurban,No,Female,21,8,98373.26,1,1,1,0,0,4300,0.0,136.0,18203.0,0,N
71,LP001243,15703793,Konovalova,Manager,Graduate,No,738,1.0,Germany,Urban,Married,Male,58,2,133745.44,1,4,1,0,0,3208,3066.0,172.0,28373.86,1,Y
72,LP001245,15620344,McKee,Ma nager,Not Graduate,Yes,813,1.0,France,Semiurban,Divorced,Male,29,6,0.0,1,1,1,0,2,1875,1875.0,97.0,33953.87,0,Y
73,LP001248,15812518,Palermo,Senior Manager,Graduate,No,657,1.0,Spain,Semiurban,No,Female,37,0,163607.18,0,1,0,1,0,3500,0.0,81.0,44203.55,0,Y
74,LP001250,15779052,Ballard,AVP,Not Graduate,No,604,0.0,Germany,Semiurban,Divorced,Female,25,5,157780.84,1,2,1,1,3+,4755,0.0,95.0,58426.81,0,N
75,LP001253,15770811,Wallace,Ma nager,Graduate,Yes,519,1.0,France,Semiurban,Married,Male,36,9,0.0,0,2,0,1,3+,5266,1774.0,187.0,145562.4,0,Y
76,LP001255,15780961,Cavenagh,Executive,Graduate,No,735,1.0,France,Urban,No,Female,21,1,178718.19,1,2,1,0,0,3750,0.0,113.0,22388.0,0,N
77,LP001256,15614049,Hu,Executive,Graduate,No,664,1.0,France,Urban,No,Male,55,8,0.0,1,2,1,1,0,3750,4750.0,176.0,139161.64,0,N
78,LP001259,15662085,Read,Ma nager,Graduate,Yes,678,1.0,France,Urban,Divorced,Female,32,9,0.0,1,1,1,1,1,1000,3022.0,110.0,148210.64,0,N
79,LP001263,15575185,Bushell,Ma nager,Graduate,No,757,0.0,Spain,Semiurban,Married,Male,33,5,77253.22,0,1,0,1,3+,3167,4000.0,180.0,194239.63,0,N
80,LP001264,15803136,Postle,Ma nager,Not Graduate,Yes,416,,Germany,Semiurban,Divorced,Female,41,10,122189.66,1,2,1,0,3+,3333,2166.0,130.0,98301.61,0,Y
81,LP001265,15706021,Buley,VP,Graduate,No,665,1.0,France,Semiurban,No,Female,34,1,96645.54,0,2,0,0,0,3846,0.0,111.0,171413.66,0,Y
82,LP001266,15663706,Leonard,Ma nager,Graduate,Yes,777,1.0,France,Semiurban,Divorced,Female,32,2,0.0,1,1,1,0,1,2395,0.0,,136458.19,1,Y
83,LP001267,15641732,Mills,Executive,Graduate,No,543,1.0,France,Urban,Divorced,Female,36,3,0.0,0,2,0,0,2,1378,1881.0,167.0,26019.59,0,N
84,LP001273,15701164,Onyeorulu,VP,Graduate,No,506,,France,Semiurban,Married,Female,34,4,90307.62,1,1,1,1,0,6000,2250.0,265.0,159235.29,0,N
85,LP001275,15738751,Beit,Senior Manager,Graduate,No,493,1.0,France,Urban,Divorced,Female,46,4,0.0,1,2,1,0,1,3988,0.0,50.0,1907.66,0,Y
86,LP001279,15805254,Ndukaku,Executive,Graduate,No,652,1.0,Spain,Semiurban,No,Female,75,10,0.0,1,2,1,1,0,2366,2531.0,136.0,114675.75,0,Y
87,LP001280,15762418,Gant,Executive,Not Graduate,No,750,,Spain,Semiurban,Divorced,Male,22,3,121681.82,1,1,1,0,2,3333,2000.0,99.0,128643.35,1,Y
88,LP001282,15625759,Rowley,Ma nager,Graduate,No,729,1.0,France,Semiurban,Divorced,Male,30,9,0.0,1,2,1,0,0,2500,2118.0,104.0,151869.35,0,Y
89,LP001289,15622897,Sharpe,Ma nager,Graduate,No,646,1.0,France,Urban,No,Female,46,4,0.0,1,3,1,0,0,8566,0.0,210.0,93251.42,1,Y
90,LP001310,15767954,Osborne,Executive,Graduate,No,635,1.0,Germany,Semiurban,Divorced,Female,28,3,81623.67,1,2,1,1,0,5695,4167.0,175.0,156791.36,0,Y
91,LP001316,15757535,Heap,Senior Manager,Graduate,No,647,1.0,Spain,Semiurban,Divorced,Female,44,5,0.0,1,3,1,1,0,2958,2900.0,131.0,174205.22,1,Y
92,LP001318,15731511,Ritchie,Senior Manager,Graduate,No,808,1.0,France,Semiurban,Married,Male,45,7,118626.55,1,2,1,0,2,6250,5654.0,188.0,147132.46,0,Y
93,LP001319,15809248,Cole,Ma nager,Not Graduate,No,524,1.0,France,Urban,Married,Female,36,10,0.0,1,2,1,0,2,3273,1820.0,81.0,109614.57,0,Y
94,LP001322,15640635,Capon,Senior Manager,Graduate,No,769,1.0,France,Semiurban,No,Male,29,8,0.0,1,2,1,1,0,4133,0.0,122.0,172290.61,0,Y
95,LP001325,15676966,Capon,VP,Not Graduate,No,730,1.0,Spain,Semiurban,No,Male,42,4,0.0,0,2,0,1,0,3620,0.0,25.0,85982.47,0,Y
96,LP001326,15699461,Fiorentini,Executive,Graduate,,515,,Spain,Urban,No,Male,35,10,176273.95,0,1,0,1,0,6782,0.0,,121277.78,0,N
97,LP001327,15738721,Graham,Ma nager,Graduate,No,773,1.0,Spain,Semiurban,Divorced,Male,41,9,102827.44,0,1,0,1,0,2484,2302.0,137.0,64595.25,0,Y
98,LP001333,15693683,Yuille,VP,Graduate,No,814,1.0,Germany,Semiurban,Divorced,Male,29,8,97086.4,1,2,1,1,0,1977,997.0,50.0,197276.13,0,Y
99,LP001334,15604348,Allard,AVP,Not Graduate,No,710,1.0,Spain,Semiurban,Divorced,Male,22,8,0.0,0,2,0,0,0,4188,0.0,115.0,99645.04,0,Y
100,LP001343,15633059,Fanucci,Ma nager,Graduate,No,413,1.0,France,Semiurban,Divorced,Male,34,9,0.0,0,2,0,0,0,1759,3541.0,131.0,6534.18,0,Y
101,LP001345,15808582,Fu,Ma nager,Not Graduate,No,665,1.0,France,Urban,Married,Female,40,6,0.0,1,1,1,1,2,4288,3263.0,133.0,161848.03,0,Y
102,LP001349,15743192,Hung,Ma nager,Graduate,No,623,1.0,France,Semiurban,No,Female,44,6,0.0,0,2,0,0,0,4843,3806.0,151.0,167162.43,0,Y
103,LP001350,15580146,Hung,Manager,Graduate,No,738,1.0,France,Urban,Divorced,Male,31,9,82674.15,1,1,1,0,,13650,0.0,,41970.72,0,Y
104,LP001356,15776605,Bradley,Manager,Graduate,No,528,1.0,Spain,Semiurban,Married,Male,36,7,0.0,1,2,1,0,0,4652,3583.0,,60536.56,0,Y
105,LP001357,15804919,Dunbabin,Senior Manager,Graduate,No,670,1.0,Spain,Urban,,Female,65,1,0.0,1,1,1,1,,3816,754.0,160.0,177655.68,1,Y
106,LP001367,15613854,Mauldon,Executive,Graduate,No,622,1.0,Spain,Urban,Divorced,Female,46,4,107073.27,1,2,1,1,1,3052,1030.0,100.0,30984.59,1,Y
107,LP001369,15599195,Stiger,Executive,Graduate,No,582,1.0,Germany,Urban,Married,Male,32,1,88938.62,1,1,1,1,2,11417,1126.0,225.0,10054.53,0,Y
108,LP001370,15812878,Parsons,Executive,Not Graduate,,785,1.0,Germany,Rural,No,Female,36,2,99806.85,0,1,0,1,0,7333,0.0,120.0,36976.52,0,N
109,LP001379,15602312,Walkom,Manager,Graduate,No,605,0.0,Spain,Urban,Divorced,Male,33,5,150092.8,0,1,0,0,2,3800,3600.0,216.0,71862.79,0,N
110,LP001384,15744689,T'ang,Executive,Not Graduate,No,479,1.0,Germany,Semiurban,Divorced,Male,35,9,92833.89,1,1,1,0,3+,2071,754.0,94.0,99449.86,1,Y
111,LP001385,15803526,Eremenko,Manager,Graduate,No,685,1.0,Germany,Urban,No,Male,30,3,90536.81,0,1,0,1,0,5316,0.0,136.0,63082.88,0,Y
112,LP001387,15665790,Rowntree,Executive,Graduate,,538,1.0,Germany,Semiurban,Divorced,Male,39,7,108055.1,1,2,1,0,0,2929,2333.0,139.0,27231.26,0,Y
113,LP001391,15715951,Thorpe,VP,Not Graduate,No,562,0.0,France,Rural,Divorced,Male,42,2,100238.35,0,1,0,0,0,3572,4114.0,152.0,86797.41,0,N
114,LP001392,15591100,Chiemela,Manager,Graduate,Yes,675,1.0,Spain,Semiurban,No,Male,36,9,106190.55,0,1,0,1,1,7451,0.0,,22994.32,0,Y
115,LP001398,15609618,Fanucci,Executive,Graduate,,721,1.0,Germany,Semiurban,No,Male,28,9,154475.54,0,2,0,1,0,5050,0.0,118.0,101300.94,1,Y
116,LP001401,15675522,Ko,Manager,Graduate,No,628,1.0,Germany,Rural,Divorced,Female,30,9,132351.29,1,2,1,1,1,14583,0.0,185.0,74169.13,0,Y
117,LP001404,15705512,Welch,Executive,Graduate,No,668,1.0,Germany,Semiurban,Divorced,Female,37,6,167864.4,1,1,1,0,0,3167,2283.0,154.0,115638.29,0,Y
118,LP001405,15698028,Duncan,Manager,Graduate,No,506,,France,Urban,Divorced,Female,41,1,0.0,1,2,1,0,1,2214,1398.0,85.0,31766.3,0,Y
119,LP001421,15661670,Chidozie,Executive,Graduate,No,524,1.0,Germany,Rural,Divorced,Female,31,8,107818.63,1,1,1,0,0,5568,2142.0,175.0,199725.39,1,N
120,LP001422,15600781,Wu,Executive,Graduate,No,699,1.0,Germany,Urban,No,Male,34,4,185173.81,1,2,1,0,0,10408,0.0,259.0,120834.48,0,Y
121,LP001426,15682472,Culbreth,AVP,Graduate,No,828,1.0,France,Rural,Married,Male,34,8,129433.34,0,2,0,0,,5667,2667.0,180.0,38131.77,0,Y
122,LP001430,15580203,Kennedy,Executive,Graduate,No,674,1.0,Spain,Semiurban,No,Male,39,6,120193.42,0,1,0,0,0,4166,0.0,44.0,100130.95,0,Y
123,LP001431,15690673,Cameron,Executive,Graduate,No,656,0.0,France,Semiurban,No,Female,39,6,0.0,1,2,1,0,0,2137,8980.0,137.0,141069.88,0,Y
124,LP001432,15760085,Calabresi,Executive,Graduate,No,684,1.0,Germany,Semiurban,Divorced,Female,48,10,126384.42,1,1,1,1,2,2957,0.0,81.0,198129.36,0,Y
125,LP001439,15779659,Zetticci,Senior Manager,Not Graduate,No,625,1.0,France,Rural,Married,Female,28,3,0.0,0,1,0,0,0,4300,2014.0,194.0,183646.41,0,Y
126,LP001443,15627360,Fuller,Manager,Graduate,No,432,,France,Rural,No,Male,42,9,152603.45,1,1,1,0,0,3692,0.0,93.0,110265.24,1,Y
127,LP001448,15671137,MacDonald,Executive,Graduate,No,549,1.0,France,Rural,Divorced,Female,52,1,0.0,0,1,0,1,3+,23803,0.0,370.0,8636.05,1,Y
128,LP001449,15782688,Piccio,Executive,Graduate,No,625,1.0,Germany,Rural,No,Male,56,0,148507.24,1,1,1,0,0,3865,1640.0,,46824.08,1,Y
129,LP001451,15575492,Kennedy,Manager,Graduate,Yes,828,0.0,France,Urban,Divorced,Female,41,7,0.0,1,2,1,0,1,10513,3850.0,160.0,171378.77,0,N
130,LP001465,15591607,Fernie,AVP,Graduate,No,770,,France,Rural,Divorced,Male,24,9,101827.07,1,1,1,0,0,6080,2569.0,182.0,167256.35,0,N
131,LP001469,15740404,He,Manager,Graduate,Yes,758,,France,Urban,No,Female,34,3,0.0,1,2,1,1,0,20166,0.0,650.0,124226.16,0,Y
132,LP001473,15718369,Kaodilinakachukwu,Executive,Graduate,No,795,1.0,Germany,Urban,No,Female,33,9,130862.43,1,1,1,1,0,2014,1929.0,74.0,114935.21,0,Y
133,LP001478,15677871,Cocci,Senior Manager,Graduate,No,687,1.0,France,Semiurban,No,Male,38,9,122570.87,1,1,1,1,0,2718,0.0,70.0,35608.88,0,Y
134,LP001482,15642004,Alekseeva,Manager,Graduate,Yes,686,1.0,France,Semiurban,Married,Male,25,1,0.0,0,2,0,1,0,3459,0.0,25.0,16459.37,0,Y
135,LP001487,15712543,Chinweike,Manager,Graduate,No,789,1.0,Germany,Semiurban,No,Male,39,7,124828.46,1,2,1,1,0,4895,0.0,102.0,124411.08,0,Y
136,LP001488,15584518,Arthur,Manager,Graduate,No,589,1.0,Germany,Semiurban,Married,Female,50,5,144895.05,1,2,1,1,3+,4000,7750.0,290.0,34941.23,0,N
137,LP001489,15802381,Li,Manager,Graduate,No,461,1.0,Germany,Rural,Married,Female,34,5,63663.93,0,1,0,1,0,4583,0.0,84.0,167784.28,0,N
138,LP001491,15610156,Ma,Manager,Graduate,Yes,637,1.0,France,Urban,Divorced,Male,40,2,133463.1,0,1,0,1,2,3316,3500.0,88.0,93165.34,0,Y
139,LP001492,15594408,Chia,VP,Graduate,No,584,0.0,Spain,Semiurban,No,Female,48,2,213146.2,1,1,1,0,0,14999,0.0,242.0,75161.25,1,N
140,LP001493,15640905,Vasin,Manager,Not Graduate,No,579,1.0,Spain,Rural,Married,Female,35,1,129490.36,0,2,0,1,2,4200,1430.0,129.0,8590.83,1,N
141,LP001497,15698932,Groves,Manager,Graduate,No,756,1.0,Germany,Rural,Divorced,Male,44,10,137452.09,1,1,1,0,2,5042,2083.0,185.0,189543.9,0,N
142,LP001498,15724944,Tien,Manager,Graduate,No,663,1.0,France,Urban,No,Male,34,7,0.0,1,2,1,1,0,5417,0.0,168.0,180427.24,0,Y
143,LP001504,15628145,Forwood,Manager,Graduate,Yes,682,1.0,France,Semiurban,No,Female,43,5,125851.93,1,1,1,1,0,6950,0.0,175.0,193318.33,0,Y
144,LP001507,15713483,Greeves,Senior Manager,Graduate,No,793,1.0,Spain,Semiurban,Divorced,Male,52,2,0.0,1,1,1,0,0,2698,2034.0,122.0,159123.82,1,Y
145,LP001508,15612350,Taylor,Manager,Graduate,No,691,1.0,France,Urban,Married,Female,31,5,40915.55,1,1,1,0,2,11757,0.0,187.0,126213.84,1,Y
146,LP001514,15800703,Madukwe,Executive,Graduate,No,485,1.0,Spain,Semiurban,Divorced,Female,21,5,113157.22,1,1,1,1,0,2330,4486.0,100.0,54141.5,0,Y
147,LP001516,15705707,Bennelong,Manager,Graduate,No,635,1.0,Spain,Urban,Divorced,Female,29,8,138296.94,1,2,1,0,2,14866,0.0,70.0,141075.51,0,Y
148,LP001518,15754105,Olisanugo,Senior Manager,Graduate,No,650,1.0,France,Urban,Divorced,Male,37,5,106967.18,0,1,0,0,1,1538,1425.0,30.0,24495.03,0,Y
149,LP001519,15703264,Chukwufumnanya,Manager,Graduate,No,735,1.0,France,Rural,No,Male,44,9,120681.63,1,1,1,0,0,10000,1666.0,225.0,74836.34,0,N
150,LP001520,15794413,Harris,Executive,Graduate,No,416,1.0,France,Semiurban,Divorced,Male,32,0,0.0,0,2,0,1,0,4860,830.0,125.0,878.87,0,Y
151,LP001528,15650237,Morgan,Executive,Graduate,No,754,0.0,Spain,Rural,No,Female,32,7,0.0,1,2,1,0,0,6277,0.0,118.0,89520.75,0,N
152,LP001529,15759618,Alexeeva,Manager,Graduate,Yes,535,1.0,France,Rural,Divorced,Female,48,9,0.0,1,1,1,0,0,2577,3750.0,152.0,149892.79,1,Y
153,LP001531,15811589,Metcalfe,Senior Manager,Graduate,No,716,1.0,Spain,Urban,No,Male,42,8,0.0,1,2,1,0,0,9166,0.0,244.0,180800.42,0,N
154,LP001532,15689044,Humphries,AVP,Not Graduate,No,539,1.0,France,Rural,Divorced,Male,37,2,127609.59,1,1,1,0,2,2281,0.0,113.0,98646.22,0,N
155,LP001535,15709368,Milne,Executive,Graduate,No,614,1.0,France,Urban,No,Female,43,6,0.0,1,2,1,1,0,3254,0.0,50.0,109041.53,0,Y
156,LP001536,15679145,Chou,Executive,Graduate,No,706,0.0,Spain,Semiurban,Married,Male,57,7,0.0,1,1,1,0,3+,39999,0.0,600.0,17941.16,1,Y
157,LP001541,15655007,Li,AVP,Graduate,No,758,,France,Rural,Divorced,Female,33,7,0.0,0,2,0,0,1,6000,0.0,160.0,82996.47,0,Y
158,LP001543,15623595,Clayton,Manager,Graduate,No,586,1.0,Spain,Urban,Married,Female,28,2,0.0,1,2,1,1,1,9538,0.0,187.0,92067.35,0,Y
159,LP001546,15589975,Maclean,Manager,Graduate,,646,1.0,France,Rural,No,Female,73,6,97259.25,0,1,0,1,0,2980,2083.0,120.0,104719.66,0,Y
160,LP001552,15804017,Chigolum,Executive,Graduate,No,631,1.0,Germany,Semiurban,Married,Female,33,4,123246.7,0,1,0,0,0,4583,5625.0,255.0,112687.57,0,Y
161,LP001560,15692132,Wilkinson,Manager,Not Graduate,No,717,1.0,Spain,Semiurban,Married,Female,22,6,101060.25,0,1,0,1,0,1863,1041.0,98.0,84699.56,0,Y
162,LP001562,15641122,Wei,Manager,Graduate,No,684,1.0,France,Urban,Divorced,Male,30,2,0.0,1,2,1,0,0,7933,0.0,275.0,83473.82,0,N
163,LP001565,15630910,Treacy,Manager,Graduate,No,800,0.0,France,Semiurban,Divorced,Female,49,7,108007.36,0,1,0,0,1,3089,1280.0,121.0,47125.11,0,N
164,LP001570,15680772,Hu,Manager,Graduate,No,721,1.0,Spain,Rural,Married,Female,36,2,0.0,1,2,1,1,2,4167,1447.0,158.0,106977.8,0,Y
165,LP001572,15658929,Taverner,Executive,Graduate,No,683,1.0,Spain,Urban,Married,Male,29,0,133702.89,1,1,1,0,0,9323,0.0,75.0,55582.54,1,Y
166,LP001574,15585388,Sherman,Manager,Graduate,No,660,1.0,Germany,Rural,Married,Male,31,9,125189.75,1,2,1,1,0,3707,3166.0,182.0,139874.43,0,Y
167,LP001577,15724623,Taubman,Senior Manager,Graduate,No,704,1.0,Germany,Rural,Married,Female,24,7,113034.22,1,1,1,0,0,4583,0.0,112.0,162503.48,1,N
168,LP001578,15588537,Robinson,VP,Graduate,No,615,1.0,Spain,Rural,Divorced,Female,41,9,109013.23,1,1,1,0,0,2439,3333.0,129.0,196499.96,0,Y
169,LP001579,15574692,Pinto,Senior Manager,Graduate,No,667,0.0,Spain,Semiurban,No,Female,39,2,0.0,1,2,1,0,0,2237,0.0,63.0,40721.24,1,N
170,LP001580,15611325,Wood,Manager,Graduate,No,682,1.0,Germany,Semiurban,Divorced,Male,24,9,57929.81,0,2,0,0,2,8000,0.0,200.0,53134.3,0,Y
171,LP001581,15587562,Hawkins,Manager,Not Graduate,,484,1.0,France,Rural,Married,Female,29,4,130114.39,1,1,1,0,0,1820,1769.0,95.0,164017.89,0,Y
172,LP001585,15613172,Sun,VP,Graduate,No,628,1.0,Germany,Urban,Divorced,Male,27,5,95826.49,1,2,1,0,3+,51763,0.0,700.0,155996.96,0,Y
173,LP001586,15651022,Yost,Manager,Not Graduate,No,480,1.0,Germany,Rural,Divorced,Male,44,10,129608.57,1,1,1,0,3+,3522,0.0,81.0,5472.7,1,N
174,LP001594,15586310,Ting,Manager,Graduate,No,578,1.0,France,Semiurban,Divorced,Male,30,4,169462.09,1,1,1,0,0,5708,5625.0,187.0,112187.11,0,Y
175,LP001603,15625524,Rowe,Manager,Not Graduate,Yes,512,1.0,France,Semiurban,Divorced,Male,40,5,0.0,1,2,1,1,0,4344,736.0,87.0,146457.83,0,N
176,LP001606,15755209,Fu,Senior Manager,Graduate,No,484,1.0,Spain,Rural,Divorced,Female,35,7,133868.21,1,1,1,1,0,3497,1964.0,116.0,27286.1,0,Y
177,LP001608,15645248,Ho,Manager,Graduate,No,510,1.0,France,Rural,Married,Female,30,0,0.0,1,2,1,1,2,2045,1619.0,101.0,130553.47,0,Y
178,LP001610,15790355,Okechukwu,Manager,Graduate,No,606,0.0,Germany,Semiurban,Divorced,Male,36,5,190479.48,0,2,0,0,3+,5516,11300.0,495.0,179351.89,0,N
179,LP001616,15762615,Campbell,Executive,Graduate,No,597,1.0,Spain,Semiurban,Divorced,Female,40,8,101993.12,0,1,0,1,1,3750,0.0,116.0,94774.12,0,Y
180,LP001630,15625426,Ashbolt,Manager,Not Graduate,No,754,0.0,Germany,Urban,No,Female,55,3,161608.81,1,1,1,0,0,2333,1451.0,102.0,8080.85,1,N
181,LP001633,15716334,Rozier,Executive,Graduate,No,850,0.0,Spain,Urban,Married,Female,45,2,122311.21,1,1,1,1,1,6400,7250.0,180.0,19482.5,0,N
182,LP001634,15789669,Hsia,Senior Manager,Graduate,No,510,,France,Rural,No,Male,65,2,0.0,1,2,1,1,0,1916,5063.0,67.0,48071.61,0,N
183,LP001636,15621075,Ogbonnaya,Manager,Graduate,No,778,1.0,Germany,Semiurban,Divorced,Female,45,1,162150.42,1,2,1,0,0,4600,0.0,73.0,174531.27,0,Y
184,LP001637,15810845,T'ang,Manager,Graduate,No,636,1.0,France,Semiurban,Divorced,Male,42,2,0.0,1,2,1,1,1,33846,0.0,260.0,55470.78,0,N
185,LP001639,15719377,Cocci,Manager,Graduate,No,804,1.0,France,Semiurban,Divorced,Female,50,4,0.0,1,1,1,1,0,3625,0.0,108.0,8546.87,1,Y
186,LP001640,15654506,Chang,Manager,Graduate,Yes,514,1.0,France,Semiurban,Married,Male,32,8,0.0,1,2,1,0,0,39147,4750.0,120.0,95857.18,0,Y
187,LP001641,15771977,T'ao,Manager,Graduate,Yes,730,0.0,France,Rural,Married,Female,39,1,99010.67,1,1,1,0,1,2178,0.0,66.0,194945.8,0,N
188,LP001643,15708710,Ford,Manager,Graduate,No,525,,Spain,Rural,Divorced,Female,37,0,0.0,0,1,0,1,0,2383,2138.0,58.0,131521.72,0,Y
189,LP001644,15726676,Marshall,Manager,Graduate,Yes,616,1.0,Spain,Rural,Divorced,Male,30,5,0.0,0,2,0,1,0,674,5296.0,168.0,196108.51,0,Y
190,LP001647,15587421,Tsai,Executive,Graduate,No,687,1.0,Germany,Rural,Divorced,Female,34,7,111388.18,1,2,1,0,0,9328,0.0,188.0,148564.76,0,Y
191,LP001653,15726931,Onwumelu,Senior Manager,Not Graduate,No,715,1.0,France,Rural,No,Female,41,8,56214.85,0,2,0,0,0,4885,0.0,48.0,92982.61,1,Y
192,LP001656,15771086,Graham,Executive,Graduate,No,512,1.0,France,Semiurban,No,Female,36,3,84327.77,1,2,1,0,0,12000,0.0,164.0,17675.36,0,N
193,LP001657,15756850,Golovanov,Manager,Not Graduate,No,479,1.0,France,Urban,Married,Male,40,1,0.0,0,2,0,0,0,6033,0.0,160.0,114996.43,0,N
194,LP001658,15702741,Potts,Manager,Graduate,No,601,1.0,France,Semiurban,No,Male,32,8,93012.89,1,1,1,0,0,3858,0.0,76.0,86957.42,0,Y
195,LP001664,15679200,Crawford,Manager,Graduate,No,580,1.0,Spain,Rural,No,Male,29,9,61710.44,1,2,1,0,0,4191,0.0,120.0,128077.8,0,Y
196,LP001665,15594815,Aleshire,Manager,Graduate,No,807,1.0,France,Semiurban,Divorced,Male,35,3,174790.15,1,1,1,1,1,3125,2583.0,170.0,600.36,0,N
197,LP001666,15635905,Moran,Manager,Graduate,No,616,1.0,Spain,Rural,No,Female,32,6,0.0,1,2,1,1,0,8333,3750.0,187.0,43001.46,0,Y
198,LP001669,15777892,Samsonova,Manager,Not Graduate,No,721,1.0,Germany,Urban,No,Male,37,3,107720.64,1,1,1,1,0,1907,2365.0,120.0,158591.12,0,Y
199,LP001671,15656176,Jenkins,AVP,Graduate,No,501,,France,Semiurban,Married,Male,57,10,0.0,1,2,1,1,0,3416,2816.0,113.0,47847.19,0,Y
200,LP001673,15811127,Volkov,Manager,Graduate,Yes,521,1.0,France,Urban,No,Male,35,6,96423.84,1,1,1,0,0,11000,0.0,83.0,10488.44,0,N
201,LP001674,15604482,Chiemezie,Manager,Not Graduate,No,850,1.0,Spain,Semiurban,Divorced,Male,30,2,141040.01,1,1,1,1,1,2600,2500.0,90.0,5978.2,0,Y
202,LP001677,15622911,Jude,Senior Manager,Graduate,No,759,0.0,France,Semiurban,No,Male,42,4,105420.18,0,1,0,1,2,4923,0.0,166.0,121409.06,0,Y
203,LP001682,15600974,He,Executive,Not Graduate,No,516,1.0,Spain,Urban,Divorced,Male,50,5,0.0,0,1,0,1,3+,3992,0.0,,146145.93,1,N
204,LP001688,15727868,Onuora,Executive,Not Graduate,No,711,1.0,France,Urban,Divorced,Female,38,2,129022.06,1,2,1,1,1,3500,1083.0,135.0,14374.86,1,Y
205,LP001691,15627801,Ginikanwa,Senior Manager,Not Graduate,No,512,1.0,Spain,Semiurban,Divorced,Male,33,3,176666.62,1,1,1,0,2,3917,0.0,124.0,94670.77,0,Y
206,LP001692,15773039,Ku,Senior Manager,Not Graduate,No,550,1.0,France,Semiurban,No,Male,37,3,0.0,1,1,1,1,0,4408,0.0,120.0,179670.31,0,Y
207,LP001693,15755262,McDonald,AVP,Graduate,No,608,1.0,Spain,Urban,No,Female,41,3,89763.84,0,1,0,0,0,3244,0.0,80.0,199304.74,1,Y
208,LP001698,15679531,Collins,Manager,Not Graduate,No,618,1.0,France,Rural,No,Male,34,5,134954.53,1,1,1,1,0,3975,2531.0,55.0,151954.39,0,Y
209,LP001699,15684181,Hackett,Senior Manager,Graduate,No,643,1.0,France,Urban,No,Male,45,5,0.0,1,1,1,0,0,2479,0.0,59.0,142513.5,1,Y
210,LP001702,15612087,Dike,Executive,Graduate,No,671,1.0,France,Semiurban,No,Male,45,2,106376.85,0,1,0,1,0,3418,0.0,127.0,158264.62,0,N
211,LP001708,15752047,Trevisano,Executive,Graduate,No,689,1.0,Germany,Semiurban,No,Male,33,2,161814.64,1,2,1,0,0,10000,0.0,214.0,169381.9,0,N
212,LP001711,15624592,Tan,Manager,Graduate,No,603,0.0,France,Semiurban,Married,Male,31,8,0.0,1,2,1,1,3+,3430,1250.0,128.0,169915.02,0,N
213,LP001713,15573152,Glassman,Manager,Graduate,Yes,620,1.0,France,Urban,Married,Female,41,9,0.0,0,2,0,0,1,7787,0.0,240.0,88852.47,0,Y
214,LP001715,15594917,Miller,Manager,Not Graduate,Yes,676,1.0,France,Rural,Divorced,Female,34,1,63095.01,1,1,1,1,3+,5703,0.0,130.0,40645.81,0,Y
215,LP001716,15785542,Kornilova,Manager,Graduate,No,572,1.0,Germany,Urban,Divorced,Male,26,4,118287.01,0,2,0,0,0,3173,3021.0,137.0,60427.3,0,Y
216,LP001720,15723488,Watson,Executive,Not Graduate,No,668,1.0,Germany,Semiurban,Married,Male,47,7,106854.21,0,1,0,1,3+,3850,983.0,100.0,157959.02,1,Y
217,LP001722,15680920,Marchesi,Manager,Graduate,No,695,1.0,France,Rural,Divorced,Male,46,7,49512.55,1,1,1,0,0,150,1800.0,135.0,133007.34,0,N
218,LP001726,15786308,Millar,Senior Manager,Graduate,No,730,1.0,Spain,Semiurban,Divorced,Female,33,9,0.0,0,2,0,0,0,3727,1775.0,131.0,176576.62,0,Y
219,LP001732,15659366,Shih,Manager,Graduate,,807,0.0,France,Semiurban,Divorced,Male,43,1,105799.32,1,2,1,0,2,5000,0.0,72.0,34888.04,1,N
220,LP001734,15774854,Fuller,Executive,Graduate,No,592,,France,Semiurban,Married,Male,54,8,0.0,1,1,1,1,2,4283,2383.0,127.0,28737.71,1,Y
221,LP001736,15725311,Hay,Executive,Graduate,No,726,0.0,France,Urban,Divorced,Female,31,9,114722.05,1,2,1,1,0,2221,0.0,60.0,98178.57,0,N
222,LP001743,15787155,Yang,Executive,Graduate,No,514,1.0,Spain,Semiurban,Divorced,Male,30,7,0.0,0,1,0,1,2,4009,1717.0,116.0,125010.24,0,Y
223,LP001744,15727829,McIntyre,Manager,Graduate,No,567,1.0,France,Semiurban,No,Male,42,2,0.0,1,2,1,1,0,2971,2791.0,144.0,167984.61,0,Y
224,LP001749,15733247,Stevenson,Executive,Graduate,No,850,1.0,France,Semiurban,Divorced,Male,33,10,0.0,1,1,1,0,0,7578,1010.0,175.0,4861.72,1,Y
225,LP001750,15568748,Poole,Manager,Graduate,No,671,1.0,Germany,Semiurban,Divorced,Male,45,6,99564.22,1,1,1,1,0,6250,0.0,128.0,108872.45,1,Y
226,LP001751,15699029,Bagley,Manager,Graduate,No,670,1.0,France,Rural,Married,Male,37,4,170557.91,1,2,1,0,0,3250,0.0,170.0,198252.88,0,N
227,LP001754,15774393,Ch'ien,Manager,Not Graduate,Yes,694,1.0,France,Urban,Divorced,Female,30,9,0.0,1,2,1,1,,4735,0.0,138.0,26960.31,0,N
228,LP001758,15676895,Cattaneo,Manager,Graduate,No,547,1.0,Germany,Semiurban,Married,Female,39,6,74596.15,1,3,1,1,2,6250,1695.0,210.0,85746.52,1,Y
229,LP001760,15637753,O'Sullivan,Manager,Graduate,No,751,1.0,Germany,Semiurban,,Male,50,2,96888.39,1,1,1,0,,4758,0.0,158.0,77206.25,1,Y
230,LP001761,15605461,Lucas,Manager,Graduate,Yes,594,1.0,Germany,Rural,No,Female,29,3,130830.22,1,1,1,0,0,6400,0.0,200.0,61048.53,0,Y
231,LP001765,15808473,Ringrose,Executive,Graduate,No,673,1.0,France,Semiurban,Married,Male,72,1,0.0,0,2,0,1,1,2491,2054.0,104.0,111981.19,0,Y
232,LP001768,15627000,Freeman,Executive,Graduate,,610,1.0,France,Rural,Divorced,Male,40,0,0.0,1,2,1,0,0,3716,0.0,42.0,62232.6,0,Y
233,LP001770,15787174,Sergeyev,Executive,Not Graduate,No,512,1.0,France,Rural,No,Female,37,1,0.0,0,2,0,1,0,3189,2598.0,120.0,156105.03,0,Y
234,LP001776,15723886,Fiore,Manager,Graduate,No,767,1.0,Germany,Semiurban,No,Male,20,3,119714.25,0,2,0,1,0,8333,0.0,280.0,150135.38,0,Y
235,LP001778,15704769,Smith,Executive,Graduate,No,585,1.0,France,Semiurban,Married,Female,67,5,113978.97,0,2,0,1,1,3155,1779.0,140.0,93146.11,0,Y
236,LP001784,15772896,Dumetochukwu,Manager,Graduate,No,763,1.0,Germany,Rural,Divorced,Male,42,6,100160.75,1,1,1,0,1,5500,1260.0,170.0,33462.94,1,Y
237,LP001786,15711540,Pacheco,Executive,Graduate,,712,,France,Urban,Divorced,Female,29,2,0.0,1,1,1,1,0,5746,0.0,255.0,144375.0,0,N
238,LP001788,15764866,Synnot,Manager,Graduate,Yes,539,,Germany,Urban,No,Female,43,3,116220.5,1,3,1,0,0,3463,0.0,122.0,55803.96,1,Y
239,LP001790,15794056,Johnston,Manager,Graduate,No,668,1.0,France,Rural,No,Female,46,2,0.0,1,3,1,0,1,3812,0.0,112.0,89048.46,1,Y
240,LP001792,15795149,Stevens,Manager,Graduate,No,703,1.0,France,Semiurban,Divorced,Male,28,2,81173.83,0,2,0,1,1,3315,0.0,96.0,162812.16,0,Y
241,LP001798,15812009,Grant,Senior Manager,Graduate,No,662,1.0,Spain,Rural,Divorced,Male,38,4,0.0,1,2,1,0,2,5819,5000.0,120.0,136259.65,0,Y
242,LP001800,15651001,Tsao,Manager,Not Graduate,No,725,1.0,Germany,Urban,Married,Female,39,5,116803.8,1,1,1,0,1,2510,1983.0,140.0,124052.97,0,N
243,LP001806,15813844,Barnes,Manager,Graduate,No,703,1.0,France,Urban,No,Male,37,8,105961.68,0,2,0,1,0,2965,5701.0,155.0,74158.8,0,Y
244,LP001807,15596175,McIntosh,Manager,Graduate,Yes,659,1.0,Germany,Rural,Married,Male,67,6,117411.6,1,1,1,1,2,6250,1300.0,108.0,45071.09,1,Y
245,LP001811,15576269,Madison,Manager,Not Graduate,No,523,1.0,Spain,Semiurban,Divorced,Male,34,7,0.0,1,2,1,0,0,3406,4417.0,123.0,62030.06,0,Y
246,LP001813,15797219,Ifesinachi,Manager,Graduate,Yes,635,1.0,France,Urban,No,Female,40,10,123497.58,1,1,1,0,0,6050,4333.0,120.0,131953.23,1,N
247,LP001814,15685500,Glazkov,AVP,Graduate,No,772,1.0,Germany,Urban,Married,Male,26,7,152400.51,1,2,1,0,2,9703,0.0,112.0,79414.0,0,Y
248,LP001819,15599792,Dimauro,Manager,Not Graduate,No,545,1.0,France,Urban,Married,Female,26,1,0.0,1,2,1,1,1,6608,0.0,137.0,199638.56,0,Y
249,LP001824,15657566,Wieck,Executive,Graduate,No,634,1.0,Germany,Semiurban,Divorced,Male,24,8,103097.85,1,1,1,1,1,2882,1843.0,123.0,157577.29,0,Y
250,LP001825,15772423,Liao,Executive,Graduate,No,739,1.0,Germany,Urban,Divorced,Male,54,8,126418.14,1,1,1,0,0,1809,1868.0,90.0,134420.75,1,Y
251,LP001835,15628112,Hughes,Executive,Not Graduate,No,771,0.0,Germany,Semiurban,Divorced,Female,36,5,77846.9,0,1,0,0,0,1668,3890.0,201.0,99805.99,0,N
252,LP001836,15753754,Morrison,Senior Manager,Graduate,No,587,1.0,Spain,Urban,No,Female,34,1,0.0,1,2,1,1,2,3427,0.0,138.0,97932.68,0,N
253,LP001841,15793726,Matveyeva,Manager,Not Graduate,Yes,681,1.0,France,Rural,No,Female,79,0,0.0,0,2,0,1,0,2583,2167.0,104.0,170968.99,0,Y
254,LP001843,15694717,Ku,Senior Manager,Not Graduate,No,544,1.0,Germany,Semiurban,Divorced,Male,37,2,79731.91,1,1,1,1,1,2661,7101.0,279.0,57558.95,0,Y
255,LP001844,15665834,Cheatham,Manager,Graduate,Yes,696,0.0,Spain,Urban,No,Male,28,8,0.0,0,1,0,0,0,16250,0.0,192.0,176713.47,0,N
256,LP001846,15765297,Yao,Executive,Graduate,No,766,1.0,Spain,Rural,No,Male,41,0,0.0,0,2,0,1,3+,3083,0.0,255.0,34283.23,0,Y
257,LP001849,15636684,Kirkland,Senior Manager,Not Graduate,No,727,0.0,France,Rural,No,Male,34,10,0.0,1,2,1,1,0,6045,0.0,115.0,198637.34,0,N
258,LP001854,15592979,Rose,Executive,Graduate,No,671,1.0,Germany,Urban,Divorced,Female,34,6,37266.67,0,2,0,0,3+,5250,0.0,94.0,156917.12,0,N
259,LP001859,15750803,Jess,Executive,Graduate,No,693,1.0,France,Rural,Divorced,Female,30,6,127992.25,1,1,1,1,0,14683,2100.0,304.0,50457.2,0,N
260,LP001864,15607178,Welch,Manager,Not Graduate,No,850,,Germany,Semiurban,Married,Male,38,3,54901.01,1,1,1,1,3+,4931,0.0,128.0,140075.55,0,N
261,LP001865,15713853,Ifeajuna,Executive,Graduate,No,732,,Germany,Urban,Divorced,Male,42,9,108748.08,1,2,1,1,1,6083,4250.0,330.0,65323.11,0,Y
262,LP001868,15673481,Morton,Manager,Graduate,No,726,1.0,Spain,Semiurban,No,Female,48,6,99906.19,1,1,1,0,0,2060,2209.0,134.0,64323.24,0,Y
263,LP001870,15686776,Rossi,Manager,Graduate,No,557,1.0,France,Semiurban,No,Female,32,6,184686.41,1,2,1,0,1,3481,0.0,155.0,14956.44,0,N
264,LP001871,15673693,Reppert,Senior Manager,Graduate,No,682,1.0,France,Rural,No,Female,26,0,110654.02,0,1,0,1,0,7200,0.0,120.0,111879.21,0,Y
265,LP001872,15700696,Kang,Manager,Graduate,Yes,738,1.0,Spain,Semiurban,No,Male,31,9,79019.8,1,1,1,1,0,5166,0.0,128.0,18606.23,0,Y
266,LP001875,15813163,Ch'iu,Executive,Graduate,No,531,1.0,Spain,Rural,No,Female,36,9,99240.51,1,1,1,0,0,4095,3447.0,151.0,123137.01,0,Y
267,LP001877,15653857,Wallis,Manager,Graduate,No,498,1.0,France,Semiurban,Divorced,Male,34,2,0.0,1,2,1,1,2,4708,1387.0,150.0,148528.24,0,Y
268,LP001882,15777076,Clark,AVP,Graduate,No,651,0.0,France,Urban,Divorced,Male,36,7,0.0,1,2,1,0,3+,4333,1811.0,160.0,13898.31,0,Y
269,LP001883,15717398,Fielding,Manager,Graduate,,549,1.0,Spain,Rural,No,Female,39,7,0.0,0,1,0,0,0,3418,0.0,135.0,81259.25,1,N
270,LP001884,15799217,Zetticci,Senior Manager,Graduate,No,791,1.0,Germany,Urban,No,Female,35,7,52436.2,1,1,1,0,1,2876,1560.0,90.0,161051.75,0,Y
271,LP001888,15787071,Dulhunty,AVP,Graduate,No,650,1.0,Spain,Urban,No,Male,41,9,0.0,0,2,0,1,0,3237,0.0,30.0,191599.67,0,Y
272,LP001891,15619955,Bevington,Manager,Graduate,No,733,1.0,Germany,Urban,Divorced,Male,34,3,100337.96,1,3,1,0,0,11146,0.0,136.0,48559.19,1,Y
273,LP001892,15796505,Boyle,Manager,Graduate,No,811,1.0,Germany,Rural,No,Female,34,1,149297.19,1,2,1,1,0,2833,1857.0,126.0,186339.74,0,Y
274,LP001894,15725166,Newton,VP,Graduate,No,707,1.0,France,Semiurban,Divorced,Male,30,8,0.0,1,2,1,0,0,2620,2223.0,150.0,33159.37,0,Y
275,LP001896,15800116,Bowman,Manager,Graduate,No,712,1.0,Germany,Semiurban,Married,Male,28,4,145605.44,0,1,0,1,2,3900,0.0,90.0,93883.53,0,Y
276,LP001900,15758685,Dubinina,Manager,Graduate,No,706,1.0,Spain,Semiurban,Married,Female,37,7,0.0,1,2,1,1,1,2750,1842.0,115.0,110899.3,0,Y
277,LP001903,15694456,Toscani,Executive,Graduate,No,756,1.0,France,Semiurban,Married,Male,62,3,0.0,1,1,1,1,0,3993,3274.0,207.0,11199.04,1,Y
278,LP001904,15767339,Chiazagomekpere,Manager,Graduate,No,777,1.0,France,Urban,Married,Female,53,10,0.0,1,2,1,0,0,3103,1300.0,80.0,189992.97,0,Y
279,LP001907,15683562,Allen,Manager,Graduate,No,646,1.0,France,Semiurban,Married,Male,35,6,84026.86,0,1,0,1,0,14583,0.0,436.0,164255.69,0,Y
280,LP001908,15782210,K'ung,Manager,Not Graduate,No,714,,France,Rural,Divorced,Male,46,1,0.0,1,1,1,0,0,4100,0.0,124.0,152167.79,1,Y
281,LP001910,15668893,Wilsmore,Manager,Not Graduate,Yes,782,0.0,France,Urban,No,Male,39,8,0.0,1,2,1,1,1,4053,2426.0,158.0,33949.67,0,N
282,LP001914,15669169,Hargreaves,Executive,Graduate,No,775,1.0,Spain,Semiurban,Divorced,Male,29,10,0.0,1,2,1,1,0,3927,800.0,112.0,68143.93,0,Y
283,LP001915,15643024,Huang,VP,Graduate,No,479,1.0,Germany,Urban,Divorced,Male,35,4,138718.92,1,1,1,1,2,2301,985.7999878,78.0,47251.79,1,Y
284,LP001917,15699389,Ch'ien,Senior Manager,Graduate,No,807,1.0,France,Urban,No,Male,42,7,118274.71,1,1,1,1,0,1811,1666.0,54.0,25885.72,0,Y
285,LP001922,15708608,Wallwork,AVP,Graduate,No,799,1.0,France,Rural,Divorced,Female,22,8,174185.98,0,2,0,1,0,20667,0.0,,192633.85,0,N
286,LP001924,15626144,Chu,Manager,Graduate,No,675,1.0,France,Rural,No,Male,40,7,113208.86,1,2,1,0,0,3158,3053.0,89.0,34577.36,0,Y
287,LP001925,15573112,Kang,Manager,Graduate,Yes,602,1.0,Spain,Semiurban,No,Male,29,5,103907.28,1,1,1,0,0,2600,1717.0,99.0,161229.84,0,N
288,LP001926,15790678,Davidson,Manager,Graduate,No,475,1.0,France,Rural,Married,Female,32,8,119023.28,1,1,1,0,0,3704,2000.0,120.0,100816.29,0,Y
289,LP001931,15727556,O'Donnell,Manager,Graduate,No,744,1.0,Spain,Semiurban,No,Female,26,5,166297.89,1,1,1,1,0,4124,0.0,115.0,181694.44,0,Y
290,LP001935,15697307,Nnachetam,Manager,Graduate,No,588,1.0,Spain,Rural,No,Male,34,10,0.0,1,2,1,0,0,9508,0.0,187.0,79078.91,0,Y
291,LP001936,15652266,Chidiebele,Senior Manager,Graduate,No,703,1.0,Germany,Rural,Married,Male,42,9,63227.0,0,1,0,1,0,3075,2416.0,139.0,137316.32,0,Y
292,LP001938,15607098,Ahmed,Manager,Graduate,No,747,0.0,Spain,Semiurban,Married,Female,41,5,94521.17,1,2,1,0,2,4400,0.0,127.0,194926.86,0,N
293,LP001940,15655774,Booth,Executive,Graduate,No,583,1.0,France,Urban,Married,Male,27,7,0.0,1,2,1,0,2,3153,1560.0,134.0,51285.49,0,Y
294,LP001945,15590241,Chuang,Assistant Vice President,Graduate,No,750,0.0,Spain,Urban,No,Female,34,9,112822.26,0,1,0,0,,5417,0.0,143.0,150401.53,1,N
295,LP001947,15785819,Shao,Senior Manager,Graduate,No,681,1.0,France,Semiurban,Divorced,Male,38,3,0.0,1,2,1,1,0,2383,3334.0,172.0,112491.96,0,Y
296,LP001949,15723654,Tsao,Executive,Graduate,,773,1.0,France,Urban,Divorced,Male,25,2,135903.33,1,1,1,0,3+,4416,1250.0,110.0,73656.38,0,Y
297,LP001953,15774510,Tien,Assistant Vice President,Graduate,No,714,1.0,France,Semiurban,Divorced,Female,31,4,125169.26,1,1,1,1,1,6875,0.0,200.0,106636.89,0,Y
298,LP001954,15684173,Chang,Manager,Graduate,No,687,1.0,Spain,Urban,Divorced,Female,44,7,0.0,1,3,1,0,1,4666,0.0,135.0,155853.52,1,Y
299,LP001955,15650068,Johnson,Manager,Graduate,No,511,1.0,France,Rural,No,Male,58,0,149117.31,1,1,1,1,0,5000,2541.0,151.0,162599.51,0,N
300,LP001963,15811490,French,Manager,Graduate,No,627,1.0,France,Urban,Married,Male,33,5,0.0,1,2,1,1,1,2014,2925.0,113.0,103737.82,0,N
301,LP001964,15803976,Efremov,VP,Not Graduate,No,694,0.0,France,Urban,Divorced,Female,31,10,0.0,1,2,1,0,0,1800,2934.0,93.0,160990.27,0,N
302,LP001972,15682541,Hartley,Manager,Not Graduate,No,616,1.0,Spain,Semiurban,Married,Female,36,6,132311.71,0,1,0,0,,2875,1750.0,105.0,15462.84,0,Y
303,LP001974,15695699,Calabrese,Executive,Graduate,No,687,1.0,France,Rural,No,Male,35,8,0.0,1,2,1,0,0,5000,0.0,132.0,10334.05,0,Y
304,LP001977,15624188,Chiu,Manager,Graduate,No,712,1.0,France,Urban,Divorced,Female,33,6,0.0,1,2,1,1,1,1625,1803.0,96.0,190686.16,0,Y
305,LP001978,15812191,Brennan,Executive,Graduate,No,553,1.0,France,Rural,No,Male,33,4,118082.89,0,1,0,0,0,4000,2500.0,140.0,94440.45,0,Y
306,LP001990,15636673,Onwuatuegwu,Executive,Not Graduate,No,667,1.0,France,Urban,No,Male,31,1,119266.69,1,1,1,1,0,2000,0.0,,28257.63,0,N
307,LP001993,15594898,Hewitt,Manager,Graduate,No,731,1.0,France,Rural,No,Male,43,2,0.0,1,1,1,1,0,3762,1666.0,135.0,170034.95,1,Y
308,LP001994,15660211,Shih,Manager,Graduate,No,629,0.0,Germany,Urban,No,Male,35,7,156847.29,1,2,1,0,0,2400,1863.0,104.0,31824.29,0,N
309,LP001996,15773972,Balashov,VP,Graduate,No,614,1.0,France,Rural,No,Male,50,4,137104.47,1,1,1,0,0,20233,0.0,480.0,127166.49,1,N
310,LP001998,15746726,Doyle,Executive,Not Graduate,No,438,,Germany,Rural,Divorced,Male,31,8,78398.69,1,1,1,0,2,7667,0.0,185.0,44937.01,0,Y
311,LP002002,15712287,Pokrovskii,VP,Graduate,No,652,1.0,France,Semiurban,No,Female,80,4,0.0,1,2,1,1,0,2917,0.0,84.0,188603.07,0,Y
312,LP002004,15702919,Collins,Manager,Not Graduate,No,729,1.0,Germany,Semiurban,No,Male,30,6,63669.42,1,1,1,0,0,2927,2405.0,111.0,145111.37,0,Y
313,LP002006,15674398,Russo,Executive,Graduate,No,642,1.0,France,Rural,No,Male,38,3,0.0,0,2,0,0,0,2507,0.0,56.0,171463.83,0,Y
314,LP002008,15797960,Skinner,Manager,Graduate,Yes,806,,Germany,Rural,Divorced,Female,59,0,135296.33,1,1,1,0,2,5746,0.0,144.0,182822.5,0,Y
315,LP002024,15631868,Robertson,Executive,Graduate,No,744,1.0,Spain,Rural,Married,Male,36,2,153804.44,1,1,1,1,0,2473,1843.0,159.0,87213.33,0,N
316,LP002031,15581539,Atkinson,VP,Not Graduate,No,474,1.0,Spain,Urban,Divorced,Male,37,3,0.0,0,2,0,0,1,3399,1640.0,111.0,57175.32,0,Y
317,LP002035,15662736,Doyle,Executive,Graduate,No,559,1.0,France,Semiurban,Divorced,Male,49,2,147069.78,1,1,1,0,2,3717,0.0,120.0,120540.83,1,Y
318,LP002036,15666252,Ritchie,Executive,Graduate,No,706,,Spain,Urban,Married,Male,42,9,0.0,1,2,1,1,0,2058,2134.0,88.0,28714.34,0,Y
319,LP002043,15677512,McEncroe,Executive,Graduate,No,628,,Spain,Semiurban,No,Female,22,3,0.0,1,1,1,0,1,3541,0.0,112.0,85426.28,0,Y
320,LP002050,15626114,Pearson,Manager,Graduate,Yes,429,1.0,France,Rural,Married,Male,24,4,95741.75,1,1,1,0,1,10000,0.0,155.0,46170.75,0,N
321,LP002051,15810834,Gordon,Executive,Graduate,No,525,1.0,Spain,Semiurban,Divorced,Female,57,2,145965.33,1,1,1,1,0,2400,2167.0,115.0,64448.36,0,Y
322,LP002053,15678910,Ts'ai,Executive,Graduate,No,680,1.0,France,Semiurban,Divorced,Female,30,8,141441.75,1,1,1,1,3+,4342,189.0,124.0,16278.97,0,Y
323,LP002054,15694408,Lung,Senior Manager,Not Graduate,No,749,1.0,France,Rural,Divorced,Male,40,1,139290.41,1,1,1,0,2,3601,1590.0,,182855.42,1,Y
324,LP002055,15585215,Yuan,Senior Manager,Graduate,No,763,,France,Rural,No,Female,31,4,0.0,0,2,0,0,0,3166,2985.0,132.0,50404.72,0,Y
325,LP002065,15682757,Pardey,Assistant Vice President,Graduate,No,734,1.0,France,Rural,Divorced,Male,30,3,0.0,1,2,1,0,3+,15000,0.0,300.0,107640.25,0,Y
326,LP002067,15736601,Tai,Manager,Graduate,Yes,716,0.0,France,Rural,Married,Male,35,4,144428.87,1,1,1,0,1,8666,4983.0,376.0,134132.65,0,N
327,LP002068,15601848,Scott,Manager,Graduate,No,594,0.0,France,Rural,No,Male,35,2,0.0,1,2,1,0,0,4917,0.0,130.0,103480.69,0,Y
328,LP002082,15736008,Hunter,Manager,Graduate,Yes,644,1.0,France,Semiurban,Divorced,Female,46,9,95441.27,1,1,1,0,0,5818,2160.0,184.0,108761.05,1,Y
329,LP002086,15669064,Mazzanti,Senior Manager,Graduate,No,671,1.0,Germany,Urban,Divorced,Male,35,1,144848.74,1,1,1,1,0,4333,2451.0,110.0,179012.3,0,N
330,LP002087,15624528,L?,Assistant Vice President,Graduate,No,664,1.0,Germany,Urban,No,Male,26,7,116244.14,1,2,1,1,0,2500,0.0,67.0,95145.14,0,Y
331,LP002097,15598493,Beach,Executive,Graduate,No,656,1.0,France,Urban,No,Male,50,7,0.0,0,2,0,1,1,4384,1793.0,117.0,72143.44,0,Y
332,LP002098,15601274,Hsieh,Manager,Graduate,No,667,1.0,Spain,Semiurban,No,Female,40,1,146502.07,1,1,1,0,0,2935,0.0,98.0,19162.89,0,Y
333,LP002100,15702669,Faulkner,Senior Manager,Graduate,No,663,1.0,Germany,Urban,No,Male,44,2,117028.6,0,2,0,1,,2833,0.0,71.0,144680.18,0,Y
334,LP002101,15728669,Knowles,Manager,Graduate,,584,1.0,Germany,Urban,Divorced,Female,30,8,112013.81,1,1,1,0,0,63337,0.0,490.0,177772.03,1,Y
335,LP002103,15742668,Day,Manager,Graduate,Yes,626,1.0,Spain,Urban,Divorced,Female,37,6,108269.37,1,1,1,0,1,9833,1833.0,182.0,5597.94,0,Y
336,LP002106,15697441,Hsueh,Manager,Graduate,Yes,485,1.0,France,Semiurban,Divorced,Male,29,7,182123.79,1,1,1,0,,5503,4490.0,70.0,116828.51,1,Y
337,LP002110,15740476,Tsao,Manager,Graduate,,659,1.0,Germany,Rural,Divorced,Female,32,3,150923.74,0,2,0,1,1,5250,688.0,160.0,174652.51,0,Y
338,LP002112,15648064,Kennedy,Manager,Graduate,Yes,649,1.0,France,Rural,Married,Male,33,2,0.0,1,2,1,0,2,2500,4600.0,176.0,2010.98,0,Y
339,LP002113,15636624,Nwabugwu,Senior Manager,Not Graduate,No,805,0.0,Spain,Urban,No,Female,39,5,165272.13,1,1,1,0,3+,1830,0.0,,14109.85,1,N
340,LP002114,15807923,Young,Senior Manager,Graduate,No,716,1.0,Germany,Semiurban,No,Female,39,10,115301.31,1,1,1,0,0,4160,0.0,71.0,43527.4,1,Y
341,LP002115,15745844,Kerr,Senior Manager,Not Graduate,No,642,1.0,Germany,Rural,Divorced,Female,40,6,129502.49,0,2,0,1,3+,2647,1587.0,173.0,86099.23,1,N
342,LP002116,15786170,Tien,Executive,Graduate,No,659,1.0,France,Rural,No,Male,31,4,118342.26,0,1,0,0,0,2378,0.0,46.0,161574.19,0,N
343,LP002119,15681081,Marrero,Senior Manager,Not Graduate,No,545,1.0,Spain,Urban,Divorced,Female,47,5,0.0,1,2,1,1,1,4554,1229.0,158.0,38970.14,0,Y
344,LP002126,15684484,White,Senior Manager,Not Graduate,No,543,1.0,France,Semiurban,Divorced,Male,22,8,0.0,0,2,0,0,3+,3173,0.0,74.0,127587.22,0,Y
345,LP002128,15785869,Pisano,Executive,Graduate,,718,1.0,France,Rural,Divorced,Female,25,7,0.0,1,2,1,0,2,2583,2330.0,125.0,30380.12,0,Y
346,LP002129,15763859,Brown,Executive,Graduate,No,840,1.0,France,Semiurban,Divorced,Female,43,7,0.0,1,2,1,0,0,2499,2458.0,160.0,90908.95,0,Y
347,LP002130,15658935,Freeman,Senior Manager,Not Graduate,No,630,0.0,Germany,Rural,Married,Female,34,9,106937.05,1,2,1,0,,3523,3230.0,152.0,138275.01,0,N
348,LP002131,15747358,Russell,Senior Manager,Not Graduate,No,643,1.0,Germany,Urban,Divorced,Male,59,3,170331.37,1,1,1,1,2,3083,2168.0,126.0,32171.79,0,Y
349,LP002137,15735203,Seleznyov,Senior Manager,Graduate,No,654,,Germany,Semiurban,Married,Female,32,1,114510.85,1,1,1,1,0,6333,4583.0,259.0,126143.23,0,Y
350,LP002138,15576256,Yusupova,Executive,Graduate,No,582,1.0,France,Rural,Married,Male,39,5,0.0,1,2,1,1,0,2625,6250.0,187.0,129892.93,0,Y
351,LP002139,15659420,Foley,Senior Manager,Graduate,No,659,1.0,Spain,Semiurban,Married,Male,32,3,107594.11,1,2,1,1,0,9083,0.0,228.0,102416.84,0,Y
352,LP002140,15593365,Shih,Assistant Vice President,Graduate,No,762,1.0,Spain,Rural,No,Male,39,2,81273.13,1,1,1,1,0,8750,4167.0,308.0,18719.67,0,N
353,LP002141,15777352,Ikedinachukwu,Executive,Graduate,No,568,1.0,Spain,Rural,Married,Female,32,7,169399.6,1,1,1,0,3+,2666,2083.0,95.0,61936.22,0,Y
354,LP002142,15812007,Power,Manager,Graduate,Yes,670,0.0,Spain,Rural,Divorced,Male,25,6,0.0,1,2,1,1,0,5500,0.0,105.0,78358.94,0,N
355,LP002143,15625461,Amos,Assistant Vice President,Graduate,No,613,1.0,France,Semiurban,Married,Female,45,1,187841.99,1,2,1,1,0,2423,505.0,130.0,147224.27,0,Y
356,LP002144,15739438,Reed,Executive,Graduate,No,539,1.0,France,Urban,No,Male,30,0,0.0,1,2,1,0,,3813,0.0,116.0,160979.66,0,Y
357,LP002149,15611759,Simmons,Manager,Graduate,No,850,1.0,Spain,Rural,Divorced,Female,57,8,126776.3,1,2,1,1,2,8333,3167.0,165.0,132298.49,0,Y
358,LP002151,15661629,Ricci,Manager,Graduate,No,522,1.0,Spain,Urban,Divorced,Male,34,9,126436.29,1,1,1,0,1,3875,0.0,67.0,174248.52,1,N
359,LP002158,15633950,Yen,Assistant Vice President,Not Graduate,No,737,0.0,France,Urban,Married,Male,41,1,101960.74,1,1,1,1,0,3000,1666.0,100.0,123547.28,0,N
360,LP002160,15592386,Campbell,Executive,Graduate,No,520,1.0,France,Semiurban,Divorced,Male,58,3,0.0,0,2,0,1,3+,5167,3167.0,200.0,32790.02,0,Y
361,LP002161,15803716,West,Manager,Graduate,No,706,1.0,Spain,Semiurban,No,Male,28,3,0.0,0,2,0,1,1,4723,0.0,81.0,181543.67,0,N
362,LP002170,15696674,Robinson,Manager,Graduate,No,643,1.0,Germany,Semiurban,Divorced,Female,45,2,150842.93,0,1,0,1,2,5000,3667.0,236.0,2319.96,1,Y
363,LP002175,15706365,Bianchi,Senior Manager,Graduate,No,648,1.0,France,Urban,Divorced,Female,50,9,102535.57,1,1,1,1,0,4750,2333.0,130.0,189543.19,0,Y
364,LP002178,15745088,Chen,Manager,Graduate,No,443,,Germany,Urban,Divorced,Female,29,9,99027.61,1,2,1,0,0,3013,3033.0,95.0,10940.4,0,Y
365,LP002180,15676715,Madukaego,Manager,Graduate,Yes,640,1.0,France,Rural,No,Male,68,9,0.0,1,2,1,1,0,6822,0.0,141.0,199493.38,0,Y
366,LP002181,15613085,Ibrahimova,VP,Not Graduate,No,628,1.0,Spain,Rural,No,Female,33,3,0.0,1,1,1,1,0,6216,0.0,133.0,188193.25,0,N
367,LP002187,15633537,Nolan,Manager,Graduate,No,540,1.0,Germany,Semiurban,No,Female,42,9,87271.41,1,2,1,0,0,2500,0.0,96.0,172572.64,0,N
368,LP002188,15594720,Scott,Executive,Graduate,No,460,0.0,Germany,Rural,No,Female,35,8,102742.91,1,2,1,1,0,5124,0.0,124.0,189339.6,0,N
369,LP002190,15684042,Blair,Executive,Graduate,No,636,1.0,Germany,Semiurban,Divorced,Male,34,2,40105.51,0,2,0,1,1,6325,0.0,175.0,53512.16,0,Y
370,LP002191,15583303,Monaldo,Manager,Graduate,No,593,1.0,France,Rural,Divorced,Female,29,2,152265.43,1,1,1,0,0,19730,5266.0,570.0,34004.44,0,N
371,LP002194,15611579,Sutherland,Manager,Graduate,Yes,801,1.0,Spain,Semiurban,No,Male,42,4,141947.67,1,1,1,1,0,15759,0.0,55.0,10598.29,0,Y
372,LP002197,15774696,Cole,Assistant Vice President,Graduate,No,640,1.0,Germany,Semiurban,Divorced,Female,75,1,106307.91,0,2,0,1,2,5185,0.0,155.0,113428.77,0,Y
373,LP002201,15694506,Briggs,Manager,Graduate,Yes,611,1.0,Germany,Rural,Divorced,Male,31,0,107884.81,1,2,1,1,2,9323,7873.0,380.0,183487.98,0,Y
374,LP002205,15688074,Gregory,Executive,Graduate,No,802,0.0,Germany,Urban,No,Male,31,1,125013.72,1,1,1,1,1,3062,1987.0,111.0,187658.09,0,N
375,LP002209,15759537,Bianchi,Executive,Graduate,,717,1.0,Germany,Urban,No,Male,35,7,58469.37,1,2,1,1,0,2764,1459.0,110.0,172459.39,0,Y
376,LP002211,15758449,Angelo,Executive,Graduate,No,769,1.0,France,Urban,Married,Female,39,8,0.0,0,1,0,1,0,4817,923.0,120.0,21016.0,0,Y
377,LP002219,15583456,Gardiner,Senior Manager,Graduate,No,745,1.0,Germany,Rural,Divorced,Male,45,10,117231.63,1,3,1,1,3+,8750,4996.0,130.0,122381.02,1,Y
378,LP002223,15667871,Kerr,Manager,Graduate,No,572,,Spain,Semiurban,Divorced,Male,35,4,152390.26,1,1,1,0,0,4310,0.0,130.0,128123.66,0,Y
379,LP002224,15677371,Ko,Manager,Graduate,No,629,1.0,Spain,Urban,No,Female,30,2,34013.63,1,1,1,0,0,3069,0.0,71.0,19570.63,0,N
380,LP002225,15629677,Distefano,Manager,Graduate,No,687,1.0,Spain,Urban,Married,Female,39,2,0.0,0,3,0,0,2,5391,0.0,130.0,188150.6,1,Y
381,LP002226,15713578,Farrell,Manager,Graduate,,483,1.0,France,Semiurban,Divorced,Female,50,9,0.0,1,2,1,1,0,3333,2500.0,128.0,111020.24,0,Y
382,LP002229,15591509,Milano,Executive,Graduate,No,690,1.0,France,Semiurban,No,Male,36,7,101583.11,1,2,1,0,0,5941,4232.0,296.0,123775.15,0,Y
383,LP002231,15568240,Ting,Senior Manager,Graduate,No,492,1.0,Germany,Urban,No,Female,30,10,77168.87,0,2,0,1,0,6000,0.0,156.0,146700.22,0,Y
384,LP002234,15622993,Boyd,Manager,Graduate,Yes,709,1.0,Germany,Urban,No,Male,28,8,124695.72,1,2,1,0,0,7167,0.0,128.0,145251.35,0,Y
385,LP002236,15689294,Onyemaechi,Manager,Graduate,No,705,1.0,Germany,Urban,Divorced,Male,44,3,105934.96,1,1,1,0,2,4566,0.0,100.0,82463.69,0,N
386,LP002237,15720910,Black,Senior Manager,Graduate,,560,1.0,France,Urban,No,Female,66,9,0.0,1,1,1,1,1,3667,0.0,113.0,15928.49,0,Y
387,LP002239,15721181,Oliver,Executive,Not Graduate,No,611,1.0,Spain,Semiurban,No,Male,46,6,0.0,1,2,1,0,0,2346,1600.0,132.0,45886.33,0,Y
388,LP002243,15776433,Greco,Executive,Not Graduate,No,730,0.0,Spain,Urban,Divorced,Male,62,2,0.0,1,2,1,1,0,3010,3136.0,,186489.95,0,N
389,LP002244,15748936,Whitehead,Senior Manager,Graduate,No,709,1.0,Spain,Urban,Married,Female,45,2,0.0,0,2,0,1,0,2333,2417.0,136.0,162922.65,0,Y
390,LP002250,15717225,Ikemefuna,Senior Manager,Graduate,No,544,1.0,France,Rural,Married,Female,21,10,161525.96,1,2,1,0,0,5488,0.0,125.0,9262.77,0,Y
391,LP002255,15685226,Morrison,Manager,Graduate,No,712,1.0,Germany,Rural,No,Female,29,7,147199.07,1,1,1,1,3+,9167,0.0,185.0,84932.4,0,Y
392,LP002262,15785611,Onyeoruru,Assistant Vice President,Graduate,No,752,1.0,Germany,Rural,Married,Male,38,3,183102.29,1,1,1,1,3+,9504,0.0,275.0,71557.12,0,Y
393,LP002263,15573456,Cunningham,Senior Manager,Graduate,No,648,,Spain,Urban,Married,Male,46,9,127209.0,1,2,1,0,0,2583,2115.0,120.0,77405.95,1,Y
394,LP002265,15684548,Demidov,Manager,Not Graduate,No,556,1.0,Spain,Semiurban,Divorced,Male,38,8,0.0,0,2,0,0,2,1993,1625.0,113.0,417.41,1,Y
395,LP002266,15620505,Celis,Manager,Graduate,No,594,1.0,Spain,Urban,Divorced,Female,24,0,97378.54,1,1,1,1,2,3100,1400.0,113.0,71405.17,0,Y
396,LP002272,15807432,Cheng,Executive,Graduate,No,645,,Germany,Semiurban,Divorced,Female,37,2,136925.09,0,2,0,1,2,3276,484.0,135.0,153400.24,0,Y
397,LP002277,15584766,Knight,Senior Manager,Graduate,No,557,0.0,France,Urban,No,Male,33,3,54503.55,1,1,1,1,0,3180,0.0,71.0,371.05,0,N
398,LP002281,15612187,Morin,Manager,Graduate,No,547,1.0,Germany,Urban,Divorced,Male,32,8,155726.85,1,1,1,0,0,3033,1459.0,95.0,67789.99,0,Y
399,LP002284,15762218,Mills,Manager,Not Graduate,No,701,1.0,France,Rural,No,Female,39,9,0.0,0,2,0,1,0,3902,1666.0,109.0,145894.9,0,Y
400,LP002287,15646372,Outhwaite,Manager,Graduate,No,616,0.0,France,Semiurban,No,Female,66,1,135842.41,1,1,1,0,0,1500,1800.0,103.0,183840.51,1,N
401,LP002288,15690452,Tung,Manager,Not Graduate,No,605,0.0,France,Urban,Divorced,Male,52,1,63349.75,1,1,1,0,2,2889,0.0,45.0,108887.44,0,N
402,LP002296,15747795,Pai,Manager,Not Graduate,No,593,1.0,Germany,Rural,No,Female,38,4,129499.42,1,1,1,1,0,2755,0.0,65.0,154071.27,0,N
403,LP002297,15781589,Carpenter,Executive,Graduate,No,751,1.0,Spain,Semiurban,No,Male,52,8,0.0,0,2,0,1,0,2500,20000.0,103.0,179291.85,0,Y
404,LP002300,15732674,Fennell,Executive,Not Graduate,No,443,1.0,Spain,Semiurban,No,Male,36,6,70438.01,0,2,0,1,0,1963,0.0,53.0,56937.43,0,Y
405,LP002301,15642291,Fontaine,Manager,Graduate,Yes,685,1.0,France,Rural,No,Male,23,8,0.0,1,2,1,1,0,7441,0.0,194.0,112239.03,0,N
406,LP002305,15692761,Pratt,Executive,Graduate,No,718,1.0,France,Semiurban,No,Male,36,9,0.0,1,1,1,0,0,4547,0.0,115.0,45909.87,0,Y
407,LP002308,15578045,Mitchell,VP,Not Graduate,No,538,1.0,Spain,Urban,Married,Female,49,9,141434.04,0,1,0,0,0,2167,2400.0,115.0,173779.25,1,Y
408,LP002314,15745354,Franklin,Manager,Not Graduate,No,611,1.0,Spain,Rural,No,Female,37,4,0.0,1,2,1,0,0,2213,0.0,66.0,125696.26,0,Y
409,LP002315,15701376,K'ung,Executive,Graduate,No,668,0.0,Germany,Semiurban,Divorced,Male,37,10,152958.29,1,2,1,1,1,8300,0.0,152.0,159585.61,0,N
410,LP002317,15691625,Ko,Manager,Graduate,No,537,0.0,Germany,Rural,Divorced,Female,41,3,138306.34,1,1,1,0,3+,81000,0.0,360.0,106761.47,0,N
411,LP002318,15566594,McKenzie,Manager,Not Graduate,Yes,709,1.0,Spain,Semiurban,No,Male,23,10,0.0,0,2,0,0,1,3867,0.0,62.0,129590.18,0,N
412,LP002319,15760431,Pino,Executive,Graduate,,850,,France,Urban,Married,Male,38,1,0.0,1,2,1,1,0,6256,0.0,160.0,80006.65,0,Y
413,LP002328,15686302,Fisk,VP,Not Graduate,No,745,0.0,Spain,Rural,Divorced,Female,31,3,124328.84,1,1,1,1,0,6096,0.0,218.0,140451.52,0,N
414,LP002332,15801559,Chiang,Executive,Not Graduate,No,693,1.0,Germany,Rural,Divorced,Female,41,9,181461.48,1,3,1,1,0,2253,2033.0,110.0,187929.43,1,Y
415,LP002335,15810432,Moseley,Executive,Not Graduate,No,795,0.0,Spain,Semiurban,Married,Male,35,8,0.0,1,2,1,0,0,2149,3237.0,178.0,167155.36,0,N
416,LP002337,15809616,Hsiung,Executive,Graduate,No,626,1.0,Spain,Urban,No,Male,26,8,0.0,0,2,0,0,0,2995,0.0,60.0,191420.71,0,Y
417,LP002341,15720559,Heath,Assistant Vice President,Graduate,No,487,1.0,Germany,Urban,No,Female,61,5,110368.03,0,1,0,0,1,2600,0.0,160.0,11384.45,1,N
418,LP002342,15695632,Dellucci,Manager,Graduate,Yes,556,1.0,France,Urban,Divorced,Female,39,9,89588.35,1,1,1,1,2,1600,20000.0,239.0,94898.1,0,N
419,LP002345,15659843,Li,Executive,Graduate,No,643,1.0,France,Rural,Divorced,Female,46,6,0.0,0,2,0,0,0,1025,2773.0,112.0,106781.59,0,Y
420,LP002347,15615624,De Salis,Manager,Graduate,No,605,1.0,France,Semiurban,Divorced,Female,28,6,0.0,0,2,0,0,0,3246,1417.0,138.0,159508.52,0,Y
421,LP002348,15810418,T'ang,Manager,Graduate,No,756,1.0,Germany,Rural,Divorced,Female,60,3,115924.89,1,1,1,0,0,5829,0.0,138.0,93524.19,1,Y
422,LP002357,15716186,Richardson,Executive,Not Graduate,No,586,0.0,France,Urban,No,Female,38,2,0.0,1,2,1,0,0,2720,0.0,80.0,87168.46,0,N
423,LP002361,15674551,Fitch,Manager,Graduate,No,535,1.0,Germany,Urban,Married,Male,40,7,111756.5,1,1,1,0,0,1820,1719.0,100.0,8128.32,1,Y
424,LP002362,15622834,Stevenson,Executive,Graduate,No,678,0.0,France,Urban,Divorced,Female,35,4,0.0,1,1,1,0,1,7250,1667.0,110.0,125518.32,0,N
425,LP002364,15566111,Estes,Manager,Graduate,No,596,1.0,France,Semiurban,Married,Male,39,9,0.0,1,1,1,0,0,14880,0.0,96.0,48963.59,0,Y
426,LP002366,15784597,Lattimore,Executive,Graduate,No,648,1.0,France,Rural,Divorced,Male,26,9,162923.85,1,1,1,0,0,2666,4300.0,121.0,98368.24,0,Y
427,LP002367,15652883,Chung,Executive,Not Graduate,No,492,1.0,Germany,Rural,No,Male,39,10,124576.65,1,2,1,0,1,4606,0.0,81.0,148584.61,0,N
428,LP002368,15806964,Utz,Manager,Graduate,No,702,1.0,France,Semiurban,Married,Male,45,0,80793.58,1,1,1,1,2,5935,0.0,133.0,27474.81,0,Y
429,LP002369,15576313,Wei,AVP,Graduate,No,486,1.0,Germany,Rural,Divorced,Female,40,9,71340.09,1,1,1,0,0,2920,16.12000084,87.0,76192.21,0,Y
430,LP002370,15806467,Boyle,Manager,Not Graduate,No,568,1.0,Germany,Urban,No,Male,40,1,99282.63,0,1,0,0,0,2717,0.0,60.0,134600.94,1,Y
431,LP002377,15597602,Nwachinemelu,Manager,Graduate,Yes,619,1.0,Germany,Semiurban,No,Male,57,3,137946.39,1,1,1,1,1,8624,0.0,150.0,72467.99,1,Y
432,LP002379,15743040,Kuznetsova,Manager,Graduate,No,724,0.0,Germany,Rural,No,Male,41,2,127892.57,0,2,0,1,0,6500,0.0,105.0,199645.45,0,N
433,LP002386,15705521,Pisani,Manager,Graduate,,548,1.0,Germany,Semiurban,No,Female,33,0,101084.36,1,1,1,0,0,12876,0.0,405.0,42749.85,0,Y
434,LP002387,15595039,Manna,Executive,Graduate,No,545,1.0,Germany,Semiurban,Divorced,Female,37,8,114754.08,1,1,1,0,0,2425,2340.0,143.0,136050.44,1,Y
435,LP002390,15799384,Collier,Senior Manager,Graduate,No,683,1.0,France,Urban,No,Male,33,8,0.0,0,1,0,0,0,3750,0.0,100.0,73564.44,0,Y
436,LP002393,15581197,Ricci,Executive,Graduate,No,762,1.0,France,Semiurban,,Female,51,3,99286.98,0,1,0,1,,10047,0.0,,85578.63,0,Y
437,LP002398,15693737,Carr,Manager,Graduate,No,627,1.0,Germany,Semiurban,No,Female,30,4,79871.02,1,2,1,0,0,1926,1851.0,50.0,129826.89,0,Y
438,LP002401,15624623,Hs?,Manager,Graduate,No,516,1.0,France,Urban,Married,Male,35,10,104088.59,0,2,0,0,0,2213,1125.0,,119666.0,0,Y
439,LP002403,15783501,Findlay,Manager,Graduate,Yes,800,0.0,France,Urban,No,Female,38,2,168190.33,1,2,1,0,0,10416,0.0,187.0,68052.08,0,N
440,LP002407,15690134,Hughes,Manager,Not Graduate,Yes,464,1.0,Germany,Rural,Divorced,Female,42,3,85679.25,1,1,1,1,0,7142,0.0,138.0,164104.74,0,Y
441,LP002408,15782735,Chukwuemeka,Executive,Graduate,No,626,1.0,France,Semiurban,No,Female,35,3,0.0,0,1,0,0,0,3660,5064.0,187.0,80190.36,0,Y
442,LP002409,15611088,Genovese,Manager,Graduate,No,790,1.0,France,Rural,Divorced,Female,31,9,0.0,1,2,1,0,0,7901,1833.0,180.0,84126.75,0,Y
443,LP002418,15672145,Swift,Senior Manager,Not Graduate,No,534,1.0,France,Semiurban,No,Female,34,7,121551.58,1,2,1,1,3+,4707,1993.0,148.0,70179.0,0,Y
444,LP002422,15732628,Ugoji,Executive,Graduate,No,745,1.0,France,Semiurban,No,Male,46,2,122220.19,1,1,1,1,1,37719,0.0,152.0,118024.1,0,Y
445,LP002424,15787470,Parkinson,Executive,Graduate,No,553,,Spain,Rural,Divorced,Male,47,3,116528.15,0,1,0,0,0,7333,8333.0,175.0,145704.19,1,Y
446,LP002429,15803406,Ross,Manager,Graduate,Yes,748,1.0,France,Rural,Divorced,Female,26,1,77780.29,0,1,0,1,1,3466,1210.0,130.0,183049.41,0,Y
447,LP002434,15730460,Oleary,Executive,Not Graduate,No,722,1.0,France,Rural,Married,Male,37,2,0.0,0,1,0,0,2,4652,0.0,110.0,120906.83,0,Y
448,LP002435,15644572,Turnbull,VP,Graduate,,501,1.0,France,Rural,Divorced,Male,40,4,125832.2,1,1,1,1,0,3539,1376.0,55.0,100433.83,0,N
449,LP002443,15694860,Uspensky,Executive,Graduate,No,675,0.0,France,Rural,Divorced,Female,38,6,68065.8,0,1,0,0,2,3340,1710.0,150.0,138777.0,1,N
450,LP002444,15658169,Cook,Manager,Not Graduate,Yes,778,,Spain,Semiurban,No,Female,47,6,127299.34,1,2,1,0,1,2769,1542.0,190.0,124694.99,0,N
451,LP002446,15794396,Newbold,Manager,Not Graduate,No,494,0.0,Germany,Rural,Married,Female,38,7,174937.64,1,1,1,0,2,2309,1255.0,125.0,40084.32,0,N
452,LP002447,15785798,Uchechukwu,Manager,Not Graduate,No,850,,France,Urban,Divorced,Male,40,9,0.0,0,2,0,1,2,1958,1456.0,60.0,119232.33,0,Y
453,LP002448,15710825,Ch'en,Executive,Graduate,No,592,0.0,Spain,Rural,Married,Male,31,7,110071.1,0,1,0,0,0,3948,1733.0,149.0,43921.36,0,N
454,LP002449,15668444,He,Manager,Graduate,No,590,0.0,Spain,Rural,Divorced,Female,44,3,139432.37,1,1,1,0,0,2483,2466.0,90.0,62222.81,0,Y
455,LP002453,15726631,Hilton,Manager,Graduate,Yes,758,1.0,France,Semiurban,No,Female,39,6,127357.76,0,1,0,1,0,7085,0.0,84.0,56577.0,0,Y
456,LP002455,15733797,Sal,Executive,Graduate,No,506,1.0,France,Semiurban,Married,Male,36,5,0.0,1,2,1,0,2,3859,0.0,96.0,164253.35,0,Y
457,LP002459,15747960,Eluemuno,Manager,Graduate,No,733,1.0,France,Urban,Divorced,Male,33,3,0.0,1,1,1,1,0,4301,0.0,118.0,7666.73,0,Y
458,LP002467,15634632,Titus,Executive,Graduate,No,711,1.0,France,Urban,Married,Male,38,3,0.0,1,2,1,0,0,3708,2569.0,173.0,68487.51,0,N
459,LP002472,15707362,Yin,Executive,Graduate,No,514,1.0,Germany,Rural,No,Male,43,1,95556.31,0,1,0,1,2,4354,0.0,136.0,199273.98,1,Y
460,LP002473,15662976,Lettiere,Senior Manager,Graduate,No,637,1.0,Spain,Semiurban,Divorced,Male,37,8,0.0,1,1,1,1,0,8334,0.0,160.0,186062.36,0,N
461,LP002478,15732778,Templeman,Manager,Graduate,Yes,468,,Germany,Semiurban,Divorced,Male,29,1,111681.98,1,2,1,1,0,2083,4083.0,160.0,195711.16,0,Y
462,LP002484,15718443,Chibuzo,Manager,Graduate,No,539,1.0,France,Urban,Married,Male,39,3,0.0,1,2,1,0,3+,7740,0.0,128.0,36692.17,0,Y
463,LP002487,15670039,Sun,Manager,Graduate,No,509,1.0,Spain,Rural,Divorced,Female,25,3,108738.71,1,2,1,0,0,3015,2188.0,153.0,106920.57,0,Y
464,LP002489,15773792,Evans,Senior Manager,Not Graduate,,662,1.0,France,Semiurban,No,Female,32,4,133950.37,1,1,1,1,1,5191,0.0,132.0,48725.68,1,Y
465,LP002493,15613786,Ogbonnaya,Executive,Graduate,No,818,0.0,Spain,Semiurban,No,Male,26,4,0.0,1,2,1,1,0,4166,0.0,98.0,167036.94,0,N
466,LP002494,15726032,Enyinnaya,VP,Graduate,No,608,1.0,France,Rural,No,Male,33,9,89968.69,1,1,1,0,0,6000,0.0,140.0,68777.26,0,Y
467,LP002500,15663252,Olisanugo,Senior Manager,Not Graduate,No,850,0.0,Spain,Urban,Divorced,Female,32,9,0.0,1,2,1,1,3+,2947,1664.0,70.0,18924.92,0,N
468,LP002501,15593782,Brookes,Manager,Graduate,No,816,1.0,Germany,Semiurban,Divorced,Female,38,5,130878.75,1,3,1,0,0,16692,0.0,110.0,71905.77,1,Y
469,LP002502,15633283,Padovano,Executive,Not Graduate,,536,1.0,France,Semiurban,Divorced,Male,35,8,0.0,1,2,1,0,2,210,2917.0,98.0,64833.28,0,Y
470,LP002505,15749167,Fisk,Executive,Graduate,No,753,1.0,France,Urban,Divorced,Male,35,3,0.0,1,2,1,1,0,4333,2451.0,110.0,184843.77,0,N
471,LP002515,15759298,Shih,Manager,Graduate,Yes,631,1.0,Spain,Semiurban,Divorced,Male,27,10,134169.62,1,1,1,1,1,3450,2079.0,162.0,176730.02,0,Y
472,LP002517,15683625,Hare,Executive,Not Graduate,No,703,0.0,France,Rural,Married,Male,37,1,149762.08,1,1,1,0,1,2653,1500.0,113.0,20629.4,1,N
473,LP002519,15635367,Muir,Executive,Graduate,No,774,1.0,France,Semiurban,Married,Male,26,2,93844.69,1,1,1,0,3+,4691,0.0,100.0,28415.36,0,Y
474,LP002522,15681705,Fanucci,Manager,Graduate,Yes,785,,France,Urban,No,Male,28,8,0.0,1,2,1,0,0,2500,0.0,93.0,77231.27,0,Y
475,LP002524,15603156,Elewechi,Senior Manager,Graduate,No,571,1.0,France,Rural,No,Female,33,1,0.0,1,2,1,0,2,5532,4648.0,162.0,102750.7,0,Y
476,LP002527,15591986,Johnston,Manager,Graduate,Yes,621,1.0,Germany,Rural,Married,Male,46,6,141078.37,0,1,0,0,2,16525,1014.0,150.0,34580.8,1,Y
477,LP002529,15798888,Pisano,Manager,Graduate,No,605,1.0,Germany,Semiurban,Married,Female,31,1,117992.59,1,1,1,1,2,6700,1750.0,230.0,183598.77,0,Y
478,LP002530,15809722,Ankudinov,Executive,Graduate,No,611,0.0,France,Semiurban,Married,Female,40,8,100812.33,1,2,1,0,2,2873,1872.0,132.0,147358.27,0,N
479,LP002531,15677538,Nwokike,Manager,Graduate,Yes,569,1.0,France,Semiurban,Married,Male,38,7,0.0,1,1,1,1,1,16667,2250.0,86.0,108469.2,0,Y
480,LP002533,15797736,Smith,Manager,Graduate,No,658,1.0,France,Urban,Divorced,Male,29,4,80262.6,1,1,1,1,2,2947,1603.0,,20612.82,0,N
481,LP002534,15695585,Atkins,Manager,Not Graduate,No,788,1.0,Spain,Rural,No,Male,34,6,156478.62,0,1,0,1,0,4350,0.0,154.0,181196.76,0,Y
482,LP002536,15744398,Burns,Executive,Not Graduate,No,525,1.0,France,Rural,Divorced,Female,23,5,0.0,1,2,1,0,3+,3095,0.0,113.0,160249.1,0,Y
483,LP002537,15750658,Obiuto,Executive,Graduate,No,798,1.0,France,Semiurban,Married,Male,37,8,0.0,0,3,0,0,0,2083,3150.0,128.0,110783.28,0,Y
484,LP002541,15578186,Pirozzi,Senior Manager,Graduate,No,486,1.0,Germany,Semiurban,Married,Male,37,9,115217.99,1,2,1,0,0,10833,0.0,234.0,144995.33,0,Y
485,LP002543,15676519,George,Manager,Graduate,No,615,1.0,Spain,Semiurban,Divorced,Male,61,9,0.0,1,2,1,0,2,8333,0.0,246.0,150227.85,1,Y
486,LP002544,15637954,Lewis,Manager,Not Graduate,No,730,1.0,France,Rural,Divorced,Female,35,0,155470.55,1,1,1,1,1,1958,2436.0,131.0,53718.28,0,Y
487,LP002545,15758639,Moran,Executive,Graduate,No,641,0.0,France,Rural,No,Male,37,7,0.0,1,2,1,0,2,3547,0.0,80.0,75248.3,0,N
488,LP002547,15613772,Dalrymple,Manager,Graduate,No,542,1.0,France,Urban,Divorced,Male,39,3,135096.77,1,1,1,1,1,18333,0.0,500.0,14353.43,1,N
489,LP002555,15731744,Carslaw,Manager,Graduate,Yes,692,1.0,France,Semiurban,Divorced,Male,30,2,0.0,0,2,0,1,2,4583,2083.0,160.0,130486.57,0,Y
490,LP002556,15807709,Kirby,Executive,Graduate,No,714,1.0,Germany,Urban,No,Female,55,9,180075.22,1,1,1,1,0,2435,0.0,75.0,100127.71,0,N
491,LP002560,15714689,Houghton,Executive,Not Graduate,No,591,,Spain,Semiurban,No,Male,29,1,97541.24,1,1,1,1,0,2699,2785.0,96.0,196356.17,0,Y
492,LP002562,15699005,Martin,Manager,Not Graduate,No,710,,France,Urban,Married,Female,41,2,156067.05,1,1,1,1,1,5333,1131.0,186.0,9983.88,0,Y
493,LP002571,15624170,Tan,Executive,Not Graduate,No,639,1.0,France,Rural,No,Female,38,4,81550.94,0,2,0,1,0,3691,0.0,110.0,118974.77,0,Y
494,LP002582,15725679,Hsia,Manager,Not Graduate,Yes,531,1.0,France,Semiurban,No,Female,47,6,0.0,0,1,0,0,0,17263,0.0,225.0,194998.34,1,Y
495,LP002585,15585865,Westerberg,Senior Manager,Graduate,No,673,0.0,France,Rural,Divorced,Female,38,2,170061.92,0,2,0,0,0,3597,2157.0,119.0,134901.34,1,N
496,LP002586,15804256,Hale,Senior Manager,Graduate,No,765,1.0,Germany,Semiurban,Divorced,Male,36,8,92310.54,1,2,1,1,1,3326,913.0,105.0,72924.56,0,Y
497,LP002587,15662403,Kryukova,Manager,Not Graduate,No,622,1.0,France,Rural,Divorced,Female,32,6,169089.38,1,2,1,0,0,2600,1700.0,107.0,101057.95,0,Y
498,LP002588,15733616,Sopuluchukwu,Senior Manager,Graduate,No,806,,France,Urban,Divorced,Male,40,5,80613.93,1,1,1,1,0,4625,2857.0,111.0,142838.64,0,Y
499,LP002600,15591995,Barry,Manager,Graduate,Yes,757,1.0,Germany,Semiurban,Divorced,Male,26,8,121581.56,1,2,1,1,1,2895,0.0,95.0,127059.04,0,Y
500,LP002602,15677020,Selezneva,Manager,Graduate,No,570,0.0,France,Rural,No,Female,58,8,0.0,0,1,0,1,0,6283,4416.0,209.0,116503.92,1,N
501,LP002603,15727688,Chizuoke,Executive,Graduate,No,555,1.0,Spain,Rural,No,Male,32,4,0.0,1,2,1,1,0,645,3683.0,113.0,54405.79,0,Y
502,LP002606,15715941,Lueck,Executive,Graduate,No,692,1.0,France,Semiurban,No,Male,54,5,0.0,1,2,1,1,0,3159,0.0,100.0,88721.84,0,Y
503,LP002615,15714485,Udinese,VP,Graduate,No,774,1.0,France,Semiurban,Divorced,Male,60,5,85891.55,1,1,1,0,2,4865,5624.0,208.0,74135.48,1,Y
504,LP002618,15730059,Udobata,Manager,Not Graduate,No,638,,Spain,Rural,Divorced,Male,44,9,77637.35,1,2,1,1,1,4050,5302.0,138.0,111346.22,0,N
505,LP002619,15715527,Freeman,Senior Manager,Not Graduate,No,543,1.0,Spain,Semiurban,Divorced,Female,41,4,0.0,0,1,0,0,0,3814,1483.0,124.0,194902.16,0,Y
506,LP002622,15576623,Outlaw,VP,Graduate,No,584,1.0,France,Rural,Married,Male,31,5,0.0,1,2,1,0,2,3510,4416.0,243.0,31474.27,0,Y
507,LP002624,15805565,Obiuto,Executive,Graduate,No,691,,Germany,Urban,Married,Male,30,7,116927.89,1,1,1,0,0,20833,6667.0,480.0,21198.39,0,Y
508,LP002625,15677307,Lo,Executive,Graduate,No,684,1.0,Germany,Urban,No,Female,40,6,137326.65,1,1,1,0,0,3583,0.0,96.0,186976.6,0,N
509,LP002626,15773890,Okechukwu,Manager,Graduate,Yes,733,1.0,France,Urban,Married,Male,22,5,0.0,1,2,1,1,0,2479,3013.0,188.0,117202.19,0,Y
510,LP002634,15598883,King,Senior Manager,Graduate,No,599,1.0,Spain,Urban,No,Female,37,2,0.0,1,2,1,1,1,13262,0.0,40.0,143739.29,0,Y
511,LP002637,15568506,Forbes,Executive,Not Graduate,No,524,1.0,Germany,Rural,No,Female,31,10,67238.98,1,2,1,1,0,3598,1287.0,100.0,161811.23,0,N
512,LP002640,15761043,Macleod,Senior Manager,Graduate,No,632,1.0,Germany,Semiurban,Divorced,Female,38,6,86569.76,1,2,1,0,1,6065,2004.0,250.0,98090.91,0,Y
513,LP002643,15782236,Gibbs,Senior Manager,Graduate,No,735,1.0,Spain,Urban,Divorced,Male,34,5,0.0,0,2,0,0,2,3283,2035.0,148.0,71095.41,0,Y
514,LP002648,15593601,Isayev,Executive,Graduate,No,734,1.0,France,Semiurban,Married,Male,34,6,133598.4,1,1,1,1,0,2130,6666.0,70.0,13107.24,0,N
515,LP002652,15682048,Pisano,Executive,Graduate,No,605,1.0,France,Rural,No,Female,51,3,136188.78,1,1,1,1,0,5815,3666.0,311.0,67110.59,1,N
516,LP002659,15746902,Belstead,AVP,Graduate,No,793,1.0,Spain,Rural,Married,Male,38,9,0.0,1,2,1,0,3+,3466,3428.0,150.0,88225.02,0,Y
517,LP002670,15752081,Vassiliev,Manager,Graduate,No,468,1.0,France,Semiurban,Divorced,Female,56,10,0.0,0,3,0,1,2,2031,1632.0,113.0,62256.87,1,Y
518,LP002682,15781307,Schneider,Executive,Not Graduate,No,779,0.0,Germany,Semiurban,Married,Male,37,7,120092.52,1,2,1,0,,3074,1800.0,123.0,135925.72,0,N
519,LP002683,15775912,Mazzanti,Executive,Graduate,No,698,1.0,France,Semiurban,No,Male,48,4,101238.24,0,2,0,1,0,4683,1915.0,185.0,177815.87,1,N
520,LP002684,15745417,Knipe,Executive,Not Graduate,No,707,1.0,France,Rural,No,Male,58,6,89685.92,0,1,0,1,0,3400,0.0,95.0,126471.13,0,N
521,LP002689,15671256,Macartney,Executive,Not Graduate,No,850,1.0,France,Semiurban,Married,Female,35,1,211774.31,1,1,1,0,2,2192,1742.0,45.0,188574.12,1,Y
522,LP002690,15653547,Madukwe,Executive,Graduate,No,850,1.0,France,Semiurban,No,Male,56,7,131317.48,1,1,1,1,0,2500,0.0,55.0,119175.45,0,Y
523,LP002692,15595766,Watts,Manager,Graduate,Yes,527,1.0,Spain,Rural,Divorced,Male,37,5,93722.73,1,2,1,1,3+,5677,1424.0,100.0,139093.73,0,Y
524,LP002693,15742358,Humphreys,Manager,Graduate,Yes,696,1.0,Germany,Rural,Divorced,Male,32,8,101160.99,1,1,1,1,2,7948,7166.0,480.0,115916.55,0,Y
525,LP002697,15763274,Wu,Manager,Graduate,No,661,1.0,France,Semiurban,No,Male,48,3,120320.54,0,1,0,0,0,4680,2087.0,,96463.25,0,N
526,LP002699,15786063,Chin,Manager,Graduate,Yes,776,1.0,France,Rural,Married,Female,31,2,0.0,1,2,1,1,2,17500,0.0,400.0,112349.51,0,Y
527,LP002705,15600258,Chesnokova,Manager,Graduate,No,701,1.0,France,Semiurban,Divorced,Male,43,2,0.0,1,2,1,1,0,3775,0.0,110.0,165303.79,0,Y
528,LP002706,15573318,Kung,AVP,Not Graduate,No,610,0.0,France,Semiurban,Married,Male,26,8,0.0,1,2,1,0,1,5285,1430.0,161.0,166031.08,0,Y
529,LP002714,15653849,Lu,Executive,Not Graduate,No,572,1.0,Germany,Semiurban,No,Female,48,3,152827.99,1,1,1,0,1,2679,1302.0,94.0,38411.79,1,Y
530,LP002716,15694272,Nkemakolam,VP,Not Graduate,No,673,1.0,France,Semiurban,No,Male,30,1,64097.75,1,1,1,1,0,6783,0.0,130.0,77783.35,0,Y
531,LP002717,15736112,Walton,Executive,Graduate,No,519,,Spain,Rural,Divorced,Female,57,2,119035.35,1,2,1,1,0,1025,5500.0,216.0,29871.79,0,Y
532,LP002720,15749851,Brookes,Manager,Graduate,No,702,1.0,Spain,Urban,Divorced,Female,26,4,135219.57,0,1,0,1,3+,4281,0.0,100.0,59747.63,0,Y
533,LP002723,15663478,Baldwin,VP,Graduate,No,729,0.0,France,Rural,No,Male,32,6,93694.42,1,1,1,1,2,3588,0.0,110.0,79919.13,0,N
534,LP002729,15592300,Mai,Manager,Graduate,No,543,,Spain,Semiurban,No,Male,35,10,59408.63,1,1,1,0,1,11250,0.0,196.0,76773.53,0,N
535,LP002731,15567832,Shih,Manager,Not Graduate,Yes,550,1.0,France,Urban,No,Female,40,7,114354.95,1,1,1,0,0,18165,0.0,125.0,54018.93,0,Y
536,LP002732,15776780,He,VP,Not Graduate,,608,1.0,France,Rural,No,Male,59,1,0.0,1,1,1,0,0,2550,2042.0,126.0,70649.64,1,Y
537,LP002734,15592846,Fiorentini,Executive,Graduate,No,639,1.0,Germany,Urban,Divorced,Male,35,10,128173.9,1,2,1,0,0,6133,3906.0,324.0,59093.39,0,Y
538,LP002738,15739803,Lucciano,Executive,Graduate,No,686,1.0,Spain,Semiurban,No,Male,34,9,0.0,1,2,1,0,2,3617,0.0,107.0,127569.8,0,Y
539,LP002739,15794142,Ferreira,Manager,Not Graduate,No,564,1.0,Germany,Rural,Divorced,Female,62,5,114931.35,0,3,0,1,0,2917,536.0,66.0,18260.98,1,N
540,LP002740,15762729,Ukaegbunam,Manager,Graduate,No,745,1.0,Germany,Rural,Divorced,Female,28,1,111071.36,1,1,1,0,3+,6417,0.0,157.0,73275.96,1,Y
541,LP002741,15667896,De Luca,Manager,Graduate,No,833,1.0,France,Semiurban,Married,Male,37,8,151226.18,1,2,1,1,1,4608,2845.0,140.0,136129.49,0,Y
542,LP002743,15626578,Milne,Manager,Graduate,No,622,0.0,France,Semiurban,No,Male,26,9,0.0,1,2,1,1,0,2138,0.0,99.0,153237.59,0,N
543,LP002753,15776223,Davide,Executive,Graduate,,597,1.0,France,Semiurban,No,Female,42,4,64740.12,1,1,1,1,1,3652,0.0,95.0,106841.12,0,Y
544,LP002755,15705953,Kodilinyechukwu,Executive,Not Graduate,No,721,1.0,Spain,Urban,Divorced,Male,51,0,169312.13,1,1,1,0,1,2239,2524.0,128.0,109078.35,1,Y
545,LP002757,15802593,Little,Manager,Not Graduate,No,504,,France,Semiurban,Married,Female,49,7,0.0,0,3,0,1,0,3017,663.0,102.0,87822.14,1,Y
546,LP002767,15615457,Burns,AVP,Graduate,No,842,1.0,Spain,Rural,Divorced,Female,44,2,112652.08,1,2,1,0,0,2768,1950.0,155.0,126644.98,0,Y
547,LP002768,15708916,Paterson,AVP,Not Graduate,No,587,1.0,France,Semiurban,No,Male,38,0,0.0,1,2,1,0,0,3358,0.0,80.0,47414.15,0,N
548,LP002772,15720187,Han,Executive,Graduate,No,479,1.0,Germany,Rural,No,Female,30,7,143964.36,1,2,1,0,0,2526,1783.0,145.0,41879.99,0,Y
549,LP002776,15595440,Kryukova,Manager,Graduate,No,508,0.0,France,Semiurban,No,Male,49,7,122451.46,1,2,1,1,0,5000,0.0,103.0,75808.1,0,N
550,LP002777,15600651,Ijendu,Executive,Graduate,No,749,1.0,France,Rural,Divorced,Male,24,1,0.0,1,3,1,1,0,2785,2016.0,110.0,47911.03,0,Y
551,LP002778,15750141,Reichard,Manager,Graduate,Yes,721,0.0,Germany,Rural,Divorced,Female,36,3,65253.07,1,2,1,0,2,6633,0.0,,28737.78,0,N
552,LP002784,15657284,Day,Manager,Not Graduate,No,674,1.0,Germany,Rural,Married,Male,47,6,106901.94,1,1,1,1,1,2492,2375.0,,2079.2,1,Y
553,LP002785,15763063,Price,Executive,Graduate,No,685,1.0,Spain,Urban,Divorced,Female,25,10,128509.63,1,1,1,0,1,3333,3250.0,158.0,121562.33,0,Y
554,LP002788,15709324,Bruce,Manager,Not Graduate,No,417,0.0,France,Urban,Married,Male,34,7,0.0,1,2,1,0,0,2454,2333.0,181.0,55003.79,0,N
555,LP002789,15711309,Sumrall,Manager,Graduate,No,574,0.0,Germany,Rural,Divorced,Male,33,3,129834.67,1,1,1,0,0,3593,4266.0,132.0,193131.42,0,N
556,LP002792,15775318,Lu,VP,Graduate,No,590,1.0,Spain,Semiurban,Divorced,Female,51,3,154962.99,0,3,0,1,1,5468,1032.0,26.0,191932.27,1,Y
557,LP002794,15705515,Lazarev,Manager,Graduate,No,587,,Germany,Urban,No,Male,40,5,138241.9,1,2,1,0,0,2667,1625.0,84.0,159418.1,0,Y
558,LP002795,15634844,Miller,Manager,Graduate,Yes,598,1.0,Germany,Semiurban,Divorced,Male,41,3,91536.93,1,1,1,0,3+,10139,0.0,260.0,191468.78,1,Y
559,LP002798,15717046,Wentworth-Shields,Executive,Graduate,No,741,1.0,Spain,Semiurban,Divorced,Male,53,3,0.0,1,2,1,1,0,3887,2669.0,162.0,38913.68,0,Y
560,LP002804,15571816,Ritchie,Executive,Graduate,No,850,1.0,Spain,Semiurban,Divorced,Female,70,5,0.0,1,1,1,1,0,4180,2306.0,182.0,705.18,0,Y
561,LP002807,15670080,Mackenzie,Manager,Not Graduate,No,584,1.0,Germany,Semiurban,Married,Female,29,7,105204.01,0,1,0,1,2,3675,242.0,108.0,138490.03,0,Y
562,LP002813,15800440,Power,Manager,Graduate,Yes,650,1.0,Spain,Semiurban,Married,Male,61,1,152968.73,0,1,0,1,1,19484,0.0,600.0,82970.69,0,Y
563,LP002820,15665678,Tan,Executive,Graduate,No,607,1.0,Spain,Rural,Divorced,Male,36,8,158261.68,1,1,1,1,0,5923,2054.0,211.0,76744.72,0,Y
564,LP002821,15665956,Pendergrass,Manager,Not Graduate,Yes,509,1.0,France,Semiurban,No,Female,46,1,0.0,1,1,1,0,0,5800,0.0,132.0,71244.59,1,Y
565,LP002832,15788126,Evans,Manager,Graduate,No,689,0.0,Spain,Urban,Divorced,Female,38,6,121021.05,1,1,1,1,2,8799,0.0,258.0,12182.15,0,N
566,LP002833,15811773,Hsia,Manager,Not Graduate,No,543,,France,Rural,Divorced,Male,36,4,0.0,1,2,1,1,0,4467,0.0,120.0,141210.5,0,Y
567,LP002836,15651674,Billson,Manager,Graduate,No,438,1.0,Spain,Urban,No,Female,54,2,0.0,0,1,0,0,0,3333,0.0,70.0,191763.07,1,Y
568,LP002837,15689614,Teng,Executive,Graduate,No,687,0.0,Spain,Rural,Married,Female,63,1,137715.66,1,1,1,1,3+,3400,2500.0,123.0,37938.74,0,N
569,LP002840,15795564,Moretti,Manager,Graduate,No,737,1.0,Germany,Urban,No,Male,31,5,121192.22,1,2,1,1,0,2378,0.0,9.0,74890.58,0,N
570,LP002841,15706647,Jordan,Manager,Graduate,No,761,0.0,France,Urban,Married,Male,31,7,0.0,1,3,1,1,0,3166,2064.0,104.0,166698.18,0,N
571,LP002842,15728505,Ts'ao,Executive,Graduate,No,601,1.0,France,Urban,Married,Male,44,1,100486.18,1,2,1,1,1,3417,1750.0,186.0,62678.53,0,Y
572,LP002847,15730076,Osborne,Executive,Graduate,No,651,0.0,France,Urban,Divorced,Male,45,1,0.0,1,1,1,0,,5116,1451.0,165.0,67740.08,1,N
573,LP002855,15622003,Carslaw,Executive,Graduate,No,745,1.0,France,Urban,Divorced,Male,35,9,92566.53,1,2,1,0,2,16666,0.0,275.0,161519.77,0,Y
574,LP002862,15607312,Ch'ang,Manager,Not Graduate,No,648,1.0,Spain,Semiurban,Divorced,Female,49,10,0.0,1,2,1,1,2,6125,1625.0,187.0,159835.78,1,N
575,LP002863,15644753,Hung,Manager,Graduate,No,848,1.0,Spain,Semiurban,Divorced,Male,40,3,110929.96,1,1,1,1,3+,6406,0.0,150.0,30876.84,0,N
576,LP002868,15653620,Gordon,VP,Graduate,No,546,1.0,France,Urban,Married,Female,27,8,0.0,1,2,1,1,2,3159,461.0,108.0,14858.1,0,Y
577,LP002872,15761986,Obialo,Executive,Graduate,No,439,0.0,Spain,Semiurban,Married,Female,32,3,138901.61,1,1,1,0,0,3087,2210.0,136.0,75685.97,0,N
578,LP002874,15633922,Gray,Manager,Graduate,No,755,1.0,France,Urban,No,Male,30,4,123217.66,0,2,0,1,0,3229,2739.0,110.0,144183.1,0,Y
579,LP002877,15734674,Lin,Executive,Graduate,No,593,1.0,France,Rural,Divorced,Female,41,6,0.0,1,1,1,0,1,1782,2232.0,107.0,65170.66,0,Y
580,LP002888,15658032,Hopkins,Executive,Graduate,,701,1.0,France,Urban,No,Male,39,2,0.0,1,2,1,1,0,3182,2917.0,161.0,82526.92,0,Y
581,LP002892,15692671,Dobson,Manager,Graduate,No,701,1.0,Spain,Semiurban,Divorced,Male,36,8,0.0,1,2,1,0,2,6540,0.0,205.0,169161.46,0,Y
582,LP002893,15737741,McKay,Manager,Graduate,No,607,1.0,Spain,Urban,No,Female,33,2,108431.87,0,2,0,1,0,1836,33837.0,90.0,109291.39,1,N
583,LP002894,15576352,Revell,AVP,Graduate,No,586,1.0,Spain,Semiurban,Married,Female,57,3,0.0,0,2,0,1,0,3166,0.0,36.0,6057.81,0,Y
584,LP002898,15753719,Rickards,Executive,Graduate,No,547,,Germany,Rural,Divorced,Female,30,9,72392.41,1,1,1,0,1,1880,0.0,61.0,77077.14,0,N
585,LP002911,15803689,Begum,Senior Manager,Graduate,No,647,0.0,Germany,Rural,Divorced,Female,51,1,119741.77,0,2,0,0,1,2787,1917.0,146.0,54954.51,1,N
586,LP002912,15718057,Onyinyechukwuka,Manager,Graduate,No,760,1.0,France,Rural,Divorced,Female,51,2,100946.71,0,1,0,0,1,4283,3000.0,172.0,179614.8,1,N
587,LP002916,15722010,Zuyev,AVP,Graduate,No,621,1.0,Spain,Urban,Married,Male,53,9,170491.84,1,1,1,0,0,2297,1522.0,104.0,35588.07,1,Y
588,LP002917,15680998,Nwankwo,Manager,Not Graduate,No,725,1.0,France,Semiurban,No,Male,44,5,0.0,1,1,1,1,0,2165,0.0,70.0,117356.14,0,Y
589,LP002925,15614782,Hao,Senior Manager,Graduate,No,526,1.0,France,Semiurban,No,Male,36,1,0.0,1,1,1,0,0,4750,0.0,94.0,160696.72,0,Y
590,LP002926,15591047,Ma,Manager,Graduate,Yes,519,0.0,Spain,Semiurban,Divorced,Female,47,6,157296.02,0,2,0,0,2,2726,0.0,106.0,147278.43,1,N
591,LP002928,15788291,Okwuadigbo,Executive,Graduate,No,713,1.0,Germany,Semiurban,Married,Female,38,7,144606.22,1,1,1,1,0,3000,3416.0,56.0,56594.36,1,Y
592,LP002931,15604044,Mitchell,Manager,Graduate,Yes,700,1.0,France,Semiurban,Divorced,Male,38,8,134811.3,1,1,1,0,2,6000,0.0,205.0,1299.75,0,N
593,LP002933,15679587,Chan,Manager,Graduate,Yes,666,1.0,France,Semiurban,No,Female,34,9,115897.12,1,1,1,1,3+,9357,0.0,292.0,25095.03,0,Y
594,LP002936,15775153,Buchi,Executive,Graduate,No,630,1.0,Spain,Rural,Married,Male,32,4,82034.0,0,1,0,0,0,3859,3300.0,142.0,146326.45,0,Y
595,LP002938,15603925,Greco,Manager,Graduate,Yes,779,1.0,Spain,Urban,Divorced,Female,26,4,174318.13,0,2,0,1,0,16120,0.0,260.0,38296.21,0,Y
596,LP002940,15680970,Lombardi,Executive,Not Graduate,No,611,1.0,Germany,Rural,No,Female,41,2,114206.84,1,1,1,0,0,3833,0.0,110.0,164061.6,0,Y
597,LP002941,15697183,Uchenna,Manager,Not Graduate,Yes,685,1.0,Spain,Rural,Divorced,Male,43,9,0.0,1,2,1,0,2,6383,1000.0,187.0,107811.28,0,N
598,LP002943,15567446,Coffman,Manager,Graduate,No,646,0.0,Germany,Semiurban,No,Male,39,9,111574.41,1,1,1,1,,2987,0.0,88.0,30838.51,0,N
599,LP002945,15637476,Alexandrova,Manager,Graduate,Yes,683,1.0,Germany,Rural,Divorced,Female,57,5,162448.69,0,1,0,0,0,9963,0.0,180.0,9221.78,1,Y
600,LP002948,15714939,Fallaci,Manager,Graduate,No,484,1.0,Germany,Urban,Divorced,Female,34,4,148249.54,0,1,0,1,2,5780,0.0,192.0,33738.27,0,Y
601,LP002949,15683503,Hudson,Senior Manager,Graduate,,601,,France,Urban,No,Female,43,8,0.0,0,3,0,1,3+,416,41667.0,350.0,110916.15,1,N
602,LP002950,15645569,Mai,Manager,Not Graduate,,762,1.0,Spain,Rural,Married,Female,26,7,123709.46,1,2,1,1,0,2894,2792.0,155.0,169654.57,0,Y
603,LP002953,15782569,Stout,Manager,Graduate,No,687,1.0,France,Urban,Divorced,Female,72,9,0.0,0,1,0,1,3+,5703,0.0,128.0,69829.4,0,Y
604,LP002958,15592387,Burke,Senior Manager,Graduate,No,566,1.0,France,Rural,No,Male,30,5,0.0,1,1,1,0,0,3676,4301.0,172.0,54926.51,1,Y
605,LP002959,15609286,Chadwick,Executive,Graduate,No,702,1.0,France,Semiurban,Married,Male,37,10,150525.8,1,1,1,1,1,12000,0.0,496.0,94728.49,0,Y
606,LP002960,15814035,Lawrence,Manager,Not Graduate,No,601,1.0,France,Urban,Married,Male,29,9,0.0,1,1,1,1,0,2400,3800.0,,80393.27,0,N
607,LP002961,15661249,Bellucci,Manager,Graduate,No,699,1.0,France,Semiurban,Married,Male,53,4,0.0,0,2,0,1,1,3400,2500.0,173.0,111307.98,0,Y
608,LP002964,15629117,Harper,Executive,Not Graduate,No,584,1.0,France,Rural,Married,Male,28,10,0.0,1,2,1,0,2,3987,1411.0,157.0,19834.32,0,Y
609,LP002974,15607170,Boyle,Senior Manager,Graduate,No,699,1.0,France,Rural,Married,Male,35,5,0.0,1,2,1,1,0,3232,1950.0,108.0,78397.24,0,Y
610,LP002978,15586585,Duncan,Senior Manager,Graduate,No,698,1.0,Germany,Rural,No,Female,51,2,111018.98,1,1,1,0,0,2900,0.0,71.0,86410.28,0,Y
611,LP002979,15686611,Moss,Manager,Graduate,No,495,1.0,France,Rural,Married,Male,30,10,129755.99,0,1,0,0,3+,4106,0.0,40.0,172749.65,0,Y
612,LP002983,15603203,Avdeyeva,AVP,Graduate,No,650,1.0,France,Urban,Married,Female,27,6,0.0,1,2,1,0,1,8072,240.0,253.0,1002.39,0,Y
613,LP002984,15619857,Crawford,Senior Manager,Graduate,No,605,1.0,France,Urban,Married,Female,64,2,129555.7,1,1,1,1,2,7583,0.0,187.0,13601.79,0,Y
614,LP002990,15805062,Lynton,Manager,Graduate,Yes,667,0.0,Spain,Semiurban,No,Male,38,1,87202.38,1,1,1,1,0,4583,0.0,133.0,77866.91,0,N
